algorithm,sample_id,task_type,objective,runtime,iterations,solution_size,answer_size,recall,timed_out,solution,source_label,algo_key,run_id,seed,wall_time,n,mode,family,method_tag,K,n_seeds_tried,ctqw_seed_reused,beta,display_name
ClassicalClique,ext_mc_C250-9,maximum_clique,42.0,0.21171549999780837,42,42,0,0.0,False,"[130, 5, 7, 135, 141, 16, 149, 150, 21, 25, 30, 34, 40, 43, 173, 49, 52, 57, 188, 60, 62, 190, 194, 195, 69, 71, 75, 203, 83, 84, 85, 220, 94, 96, 101, 104, 105, 113, 116, 120, 121, 124]",C250-9,ClassicalClique,0,0,3.4698700000008103,250,external,ClassicalClique,N/A,0,,,,ClassicalClique
MS_Random(K=5),ext_mc_C250-9,maximum_clique,39.0,0.8859928000019863,187,39,0,0.0,False,"[128, 132, 135, 8, 138, 16, 147, 149, 26, 28, 157, 158, 160, 32, 34, 38, 166, 173, 183, 62, 63, 193, 65, 196, 197, 72, 201, 204, 78, 211, 84, 85, 93, 95, 101, 110, 240, 247, 124]",C250-9,MS_Random_K5,0,0,4.146661200000381,250,external,MS_Random,N/A,5,5.0,,,MS_Random
MS_Degree(K=5),ext_mc_C250-9,maximum_clique,42.0,0.9599936999984493,198,42,0,0.0,False,"[130, 5, 7, 135, 141, 16, 149, 150, 21, 25, 30, 34, 40, 43, 173, 49, 52, 57, 188, 60, 62, 190, 194, 195, 69, 71, 75, 203, 83, 84, 85, 220, 94, 96, 101, 104, 105, 113, 116, 120, 121, 124]",C250-9,MS_Degree_K5,0,0,4.234487700003228,250,external,MS_Degree,N/A,5,5.0,,,MS_Degree
MS_Random(K=10),ext_mc_C250-9,maximum_clique,42.0,1.836722899999586,388,42,0,0.0,False,"[130, 5, 7, 135, 141, 16, 149, 150, 21, 25, 30, 34, 40, 43, 173, 49, 52, 57, 188, 60, 62, 190, 194, 195, 69, 71, 75, 203, 83, 84, 85, 220, 94, 96, 101, 104, 105, 113, 116, 120, 121, 124]",C250-9,MS_Random_K10,0,0,5.0948920999981056,250,external,MS_Random,N/A,10,10.0,,,MS_Random
MS_Degree(K=10),ext_mc_C250-9,maximum_clique,42.0,1.882043600002362,397,42,0,0.0,False,"[130, 5, 7, 135, 141, 16, 149, 150, 21, 25, 30, 34, 40, 43, 173, 49, 52, 57, 188, 60, 62, 190, 194, 195, 69, 71, 75, 203, 83, 84, 85, 220, 94, 96, 101, 104, 105, 113, 116, 120, 121, 124]",C250-9,MS_Degree_K10,0,0,4.979678499999864,250,external,MS_Degree,N/A,10,10.0,,,MS_Degree
MS_Random(K=20),ext_mc_C250-9,maximum_clique,42.0,3.604034199997841,773,42,0,0.0,False,"[133, 5, 137, 141, 14, 144, 149, 157, 158, 159, 162, 40, 45, 47, 49, 177, 189, 62, 195, 196, 197, 71, 203, 208, 83, 211, 85, 220, 97, 226, 229, 104, 233, 107, 240, 114, 242, 116, 117, 119, 123, 124]",C250-9,MS_Random_K20,0,0,6.832493699999759,250,external,MS_Random,N/A,20,20.0,,,MS_Random
MS_Degree(K=20),ext_mc_C250-9,maximum_clique,42.0,3.616895300001488,778,42,0,0.0,False,"[130, 5, 7, 135, 141, 16, 149, 150, 21, 25, 30, 34, 40, 43, 173, 49, 52, 57, 188, 60, 62, 190, 194, 195, 69, 71, 75, 203, 83, 84, 85, 220, 94, 96, 101, 104, 105, 113, 116, 120, 121, 124]",C250-9,MS_Degree_K20,0,0,6.737486199999694,250,external,MS_Degree,N/A,20,20.0,,,MS_Degree
"MS_CTQW(K=5,cheb_d50)",ext_mc_C250-9,maximum_clique,42.0,0.903419300000678,192,42,0,0.0,False,"[130, 5, 7, 135, 141, 16, 149, 150, 21, 25, 30, 34, 40, 43, 173, 49, 52, 57, 188, 60, 62, 190, 194, 195, 69, 71, 75, 203, 83, 84, 85, 220, 94, 96, 101, 104, 105, 113, 116, 120, 121, 124]",C250-9,MS_CTQW_K5_cheb_d50,0,0,4.025180500000715,250,external,MS_CTQW,cheb_d50,5,5.0,True,,MS_CTQW_cheb_d50
"MS_CTQW(K=10,cheb_d50)",ext_mc_C250-9,maximum_clique,42.0,1.8037371999998868,389,42,0,0.0,False,"[130, 5, 7, 135, 141, 16, 149, 150, 21, 25, 30, 34, 40, 43, 173, 49, 52, 57, 188, 60, 62, 190, 194, 195, 69, 71, 75, 203, 83, 84, 85, 220, 94, 96, 101, 104, 105, 113, 116, 120, 121, 124]",C250-9,MS_CTQW_K10_cheb_d50,0,0,4.906769799999893,250,external,MS_CTQW,cheb_d50,10,10.0,True,,MS_CTQW_cheb_d50
"MS_CTQW(K=20,cheb_d50)",ext_mc_C250-9,maximum_clique,42.0,3.658387399998901,788,42,0,0.0,False,"[130, 5, 7, 135, 141, 16, 149, 150, 21, 25, 30, 34, 40, 43, 173, 49, 52, 57, 188, 60, 62, 190, 194, 195, 69, 71, 75, 203, 83, 84, 85, 220, 94, 96, 101, 104, 105, 113, 116, 120, 121, 124]",C250-9,MS_CTQW_K20_cheb_d50,0,0,6.763114800000039,250,external,MS_CTQW,cheb_d50,20,20.0,True,,MS_CTQW_cheb_d50
"MS_HybridSeed(K=5,beta=0.25,cheb_d50)",ext_mc_C250-9,maximum_clique,42.0,0.9318907000015315,196,42,0,0.0,False,"[130, 5, 7, 135, 141, 16, 149, 150, 21, 25, 30, 34, 40, 43, 173, 49, 52, 57, 188, 60, 62, 190, 194, 195, 69, 71, 75, 203, 83, 84, 85, 220, 94, 96, 101, 104, 105, 113, 116, 120, 121, 124]",C250-9,MS_HybridSeed_K5_b0p25_cheb_d50,0,0,4.140962099998433,250,external,MS_HybridSeed,cheb_d50,5,5.0,True,0.25,MS_HybridSeed_b0.25_cheb_d50
"MS_HybridSeed(K=5,beta=0.5,cheb_d50)",ext_mc_C250-9,maximum_clique,42.0,0.8848689999977069,192,42,0,0.0,False,"[130, 5, 7, 135, 141, 16, 149, 150, 21, 25, 30, 34, 40, 43, 173, 49, 52, 57, 188, 60, 62, 190, 194, 195, 69, 71, 75, 203, 83, 84, 85, 220, 94, 96, 101, 104, 105, 113, 116, 120, 121, 124]",C250-9,MS_HybridSeed_K5_b0p5_cheb_d50,0,0,3.9879398999983096,250,external,MS_HybridSeed,cheb_d50,5,5.0,True,0.5,MS_HybridSeed_b0.5_cheb_d50
"MS_HybridSeed(K=5,beta=0.75,cheb_d50)",ext_mc_C250-9,maximum_clique,42.0,0.8907680000011169,192,42,0,0.0,False,"[130, 5, 7, 135, 141, 16, 149, 150, 21, 25, 30, 34, 40, 43, 173, 49, 52, 57, 188, 60, 62, 190, 194, 195, 69, 71, 75, 203, 83, 84, 85, 220, 94, 96, 101, 104, 105, 113, 116, 120, 121, 124]",C250-9,MS_HybridSeed_K5_b0p75_cheb_d50,0,0,3.979718899998261,250,external,MS_HybridSeed,cheb_d50,5,5.0,True,0.75,MS_HybridSeed_b0.75_cheb_d50
"MS_HybridSeed(K=10,beta=0.25,cheb_d50)",ext_mc_C250-9,maximum_clique,42.0,1.8387588000005053,395,42,0,0.0,False,"[130, 5, 7, 135, 141, 16, 149, 150, 21, 25, 30, 34, 40, 43, 173, 49, 52, 57, 188, 60, 62, 190, 194, 195, 69, 71, 75, 203, 83, 84, 85, 220, 94, 96, 101, 104, 105, 113, 116, 120, 121, 124]",C250-9,MS_HybridSeed_K10_b0p25_cheb_d50,0,0,4.954136899999867,250,external,MS_HybridSeed,cheb_d50,10,10.0,True,0.25,MS_HybridSeed_b0.25_cheb_d50
"MS_HybridSeed(K=10,beta=0.5,cheb_d50)",ext_mc_C250-9,maximum_clique,42.0,1.8135065999995277,389,42,0,0.0,False,"[130, 5, 7, 135, 141, 16, 149, 150, 21, 25, 30, 34, 40, 43, 173, 49, 52, 57, 188, 60, 62, 190, 194, 195, 69, 71, 75, 203, 83, 84, 85, 220, 94, 96, 101, 104, 105, 113, 116, 120, 121, 124]",C250-9,MS_HybridSeed_K10_b0p5_cheb_d50,0,0,4.915701699999772,250,external,MS_HybridSeed,cheb_d50,10,10.0,True,0.5,MS_HybridSeed_b0.5_cheb_d50
"MS_HybridSeed(K=10,beta=0.75,cheb_d50)",ext_mc_C250-9,maximum_clique,42.0,1.8417095000004338,389,42,0,0.0,False,"[130, 5, 7, 135, 141, 16, 149, 150, 21, 25, 30, 34, 40, 43, 173, 49, 52, 57, 188, 60, 62, 190, 194, 195, 69, 71, 75, 203, 83, 84, 85, 220, 94, 96, 101, 104, 105, 113, 116, 120, 121, 124]",C250-9,MS_HybridSeed_K10_b0p75_cheb_d50,0,0,4.923596600001474,250,external,MS_HybridSeed,cheb_d50,10,10.0,True,0.75,MS_HybridSeed_b0.75_cheb_d50
"MS_HybridSeed(K=20,beta=0.25,cheb_d50)",ext_mc_C250-9,maximum_clique,42.0,3.690513000001374,783,42,0,0.0,False,"[130, 5, 7, 135, 141, 16, 149, 150, 21, 25, 30, 34, 40, 43, 173, 49, 52, 57, 188, 60, 62, 190, 194, 195, 69, 71, 75, 203, 83, 84, 85, 220, 94, 96, 101, 104, 105, 113, 116, 120, 121, 124]",C250-9,MS_HybridSeed_K20_b0p25_cheb_d50,0,0,6.798775299997942,250,external,MS_HybridSeed,cheb_d50,20,20.0,True,0.25,MS_HybridSeed_b0.25_cheb_d50
"MS_HybridSeed(K=20,beta=0.5,cheb_d50)",ext_mc_C250-9,maximum_clique,42.0,3.6895618999988073,785,42,0,0.0,False,"[130, 5, 7, 135, 141, 16, 149, 150, 21, 25, 30, 34, 40, 43, 173, 49, 52, 57, 188, 60, 62, 190, 194, 195, 69, 71, 75, 203, 83, 84, 85, 220, 94, 96, 101, 104, 105, 113, 116, 120, 121, 124]",C250-9,MS_HybridSeed_K20_b0p5_cheb_d50,0,0,6.806812999999238,250,external,MS_HybridSeed,cheb_d50,20,20.0,True,0.5,MS_HybridSeed_b0.5_cheb_d50
"MS_HybridSeed(K=20,beta=0.75,cheb_d50)",ext_mc_C250-9,maximum_clique,42.0,3.6820796000029077,788,42,0,0.0,False,"[130, 5, 7, 135, 141, 16, 149, 150, 21, 25, 30, 34, 40, 43, 173, 49, 52, 57, 188, 60, 62, 190, 194, 195, 69, 71, 75, 203, 83, 84, 85, 220, 94, 96, 101, 104, 105, 113, 116, 120, 121, 124]",C250-9,MS_HybridSeed_K20_b0p75_cheb_d50,0,0,6.801222899997811,250,external,MS_HybridSeed,cheb_d50,20,20.0,True,0.75,MS_HybridSeed_b0.75_cheb_d50
ClassicalClique,ext_mc_gen200-p0-9-44,maximum_clique,35.0,0.10998359999939566,35,35,0,0.0,False,"[128, 1, 2, 132, 137, 139, 14, 15, 16, 18, 22, 24, 25, 26, 160, 162, 165, 43, 173, 48, 49, 177, 51, 176, 66, 68, 69, 198, 73, 74, 75, 85, 87, 124, 125]",gen200-p0-9-44,ClassicalClique,0,0,3.209829499999614,200,external,ClassicalClique,N/A,0,,,,ClassicalClique
MS_Random(K=5),ext_mc_gen200-p0-9-44,maximum_clique,38.0,0.5076716999974451,177,38,0,0.0,False,"[1, 132, 5, 6, 135, 139, 13, 144, 145, 16, 22, 26, 154, 155, 161, 173, 46, 174, 48, 49, 175, 184, 58, 64, 198, 71, 76, 85, 89, 90, 94, 105, 107, 115, 118, 121, 125, 126]",gen200-p0-9-44,MS_Random_K5,0,0,3.642912899998919,200,external,MS_Random,N/A,5,5.0,,,MS_Random
MS_Degree(K=5),ext_mc_gen200-p0-9-44,maximum_clique,38.0,0.4916389000027266,174,38,0,0.0,False,"[1, 132, 5, 6, 135, 139, 13, 144, 145, 16, 22, 26, 154, 155, 161, 173, 46, 174, 48, 49, 175, 184, 58, 64, 198, 71, 76, 85, 89, 90, 94, 105, 107, 115, 118, 121, 125, 126]",gen200-p0-9-44,MS_Degree_K5,0,0,3.6362169999993057,200,external,MS_Degree,N/A,5,5.0,,,MS_Degree
MS_Random(K=10),ext_mc_gen200-p0-9-44,maximum_clique,37.0,0.984295000002021,354,37,0,0.0,False,"[1, 2, 132, 4, 136, 137, 140, 142, 15, 144, 143, 18, 20, 22, 24, 26, 162, 38, 172, 173, 48, 49, 177, 51, 176, 184, 68, 69, 198, 74, 85, 87, 94, 103, 116, 124, 125]",gen200-p0-9-44,MS_Random_K10,0,0,4.088935899999342,200,external,MS_Random,N/A,10,10.0,,,MS_Random
MS_Degree(K=10),ext_mc_gen200-p0-9-44,maximum_clique,38.0,1.0237995999996201,352,38,0,0.0,False,"[1, 132, 5, 6, 135, 139, 13, 144, 145, 16, 22, 26, 154, 155, 161, 173, 46, 174, 48, 49, 175, 184, 58, 64, 198, 71, 76, 85, 89, 90, 94, 105, 107, 115, 118, 121, 125, 126]",gen200-p0-9-44,MS_Degree_K10,0,0,4.193055700001423,200,external,MS_Degree,N/A,10,10.0,,,MS_Degree
MS_Random(K=20),ext_mc_gen200-p0-9-44,maximum_clique,38.0,1.9154804999998305,707,38,0,0.0,False,"[1, 132, 5, 6, 135, 139, 13, 144, 145, 16, 22, 26, 154, 155, 161, 173, 46, 174, 48, 49, 175, 184, 58, 64, 198, 71, 76, 85, 89, 90, 94, 105, 107, 115, 118, 121, 125, 126]",gen200-p0-9-44,MS_Random_K20,0,0,5.054698700001609,200,external,MS_Random,N/A,20,20.0,,,MS_Random
MS_Degree(K=20),ext_mc_gen200-p0-9-44,maximum_clique,38.0,1.9781784000006155,704,38,0,0.0,False,"[1, 132, 5, 6, 135, 139, 13, 144, 145, 16, 22, 26, 154, 155, 161, 173, 46, 174, 48, 49, 175, 184, 58, 64, 198, 71, 76, 85, 89, 90, 94, 105, 107, 115, 118, 121, 125, 126]",gen200-p0-9-44,MS_Degree_K20,0,0,5.057889699997759,200,external,MS_Degree,N/A,20,20.0,,,MS_Degree
"MS_CTQW(K=5,cheb_d50)",ext_mc_gen200-p0-9-44,maximum_clique,37.0,0.5150695999982418,174,37,0,0.0,False,"[128, 1, 132, 133, 6, 135, 4, 144, 16, 19, 22, 26, 155, 156, 154, 161, 34, 39, 44, 174, 175, 48, 49, 177, 55, 58, 64, 68, 198, 76, 85, 98, 107, 118, 121, 125, 126]",gen200-p0-9-44,MS_CTQW_K5_cheb_d50,0,0,3.6062873999981093,200,external,MS_CTQW,cheb_d50,5,5.0,True,,MS_CTQW_cheb_d50
"MS_CTQW(K=10,cheb_d50)",ext_mc_gen200-p0-9-44,maximum_clique,38.0,0.975711399998545,349,38,0,0.0,False,"[1, 132, 5, 6, 135, 139, 13, 144, 145, 16, 22, 26, 154, 155, 161, 173, 46, 174, 48, 49, 175, 184, 58, 64, 198, 71, 76, 85, 89, 90, 94, 105, 107, 115, 118, 121, 125, 126]",gen200-p0-9-44,MS_CTQW_K10_cheb_d50,0,0,4.088531499997771,200,external,MS_CTQW,cheb_d50,10,10.0,True,,MS_CTQW_cheb_d50
"MS_CTQW(K=20,cheb_d50)",ext_mc_gen200-p0-9-44,maximum_clique,38.0,2.0067200000012235,704,38,0,0.0,False,"[1, 132, 5, 6, 135, 139, 13, 144, 145, 16, 22, 26, 154, 155, 161, 173, 46, 174, 48, 49, 175, 184, 58, 64, 198, 71, 76, 85, 89, 90, 94, 105, 107, 115, 118, 121, 125, 126]",gen200-p0-9-44,MS_CTQW_K20_cheb_d50,0,0,5.229043299998011,200,external,MS_CTQW,cheb_d50,20,20.0,True,,MS_CTQW_cheb_d50
"MS_HybridSeed(K=5,beta=0.25,cheb_d50)",ext_mc_gen200-p0-9-44,maximum_clique,38.0,0.507224100001622,175,38,0,0.0,False,"[1, 132, 5, 6, 135, 139, 13, 144, 145, 16, 22, 26, 154, 155, 161, 173, 46, 174, 48, 49, 175, 184, 58, 64, 198, 71, 76, 85, 89, 90, 94, 105, 107, 115, 118, 121, 125, 126]",gen200-p0-9-44,MS_HybridSeed_K5_b0p25_cheb_d50,0,0,3.642480800001067,200,external,MS_HybridSeed,cheb_d50,5,5.0,True,0.25,MS_HybridSeed_b0.25_cheb_d50
"MS_HybridSeed(K=5,beta=0.5,cheb_d50)",ext_mc_gen200-p0-9-44,maximum_clique,38.0,0.5017517999986012,175,38,0,0.0,False,"[1, 132, 5, 6, 135, 139, 13, 144, 145, 16, 22, 26, 154, 155, 161, 173, 46, 174, 48, 49, 175, 184, 58, 64, 198, 71, 76, 85, 89, 90, 94, 105, 107, 115, 118, 121, 125, 126]",gen200-p0-9-44,MS_HybridSeed_K5_b0p5_cheb_d50,0,0,3.7162380000008852,200,external,MS_HybridSeed,cheb_d50,5,5.0,True,0.5,MS_HybridSeed_b0.5_cheb_d50
"MS_HybridSeed(K=5,beta=0.75,cheb_d50)",ext_mc_gen200-p0-9-44,maximum_clique,37.0,0.5005004000013287,174,37,0,0.0,False,"[128, 1, 132, 133, 6, 135, 4, 144, 16, 19, 22, 26, 155, 156, 154, 161, 34, 39, 44, 174, 175, 48, 49, 177, 55, 58, 64, 68, 198, 76, 85, 98, 107, 118, 121, 125, 126]",gen200-p0-9-44,MS_HybridSeed_K5_b0p75_cheb_d50,0,0,3.6250049999980547,200,external,MS_HybridSeed,cheb_d50,5,5.0,True,0.75,MS_HybridSeed_b0.75_cheb_d50
"MS_HybridSeed(K=10,beta=0.25,cheb_d50)",ext_mc_gen200-p0-9-44,maximum_clique,38.0,0.994229500000074,354,38,0,0.0,False,"[1, 132, 5, 6, 135, 139, 13, 144, 145, 16, 22, 26, 154, 155, 161, 173, 46, 174, 48, 49, 175, 184, 58, 64, 198, 71, 76, 85, 89, 90, 94, 105, 107, 115, 118, 121, 125, 126]",gen200-p0-9-44,MS_HybridSeed_K10_b0p25_cheb_d50,0,0,4.081909999997151,200,external,MS_HybridSeed,cheb_d50,10,10.0,True,0.25,MS_HybridSeed_b0.25_cheb_d50
"MS_HybridSeed(K=10,beta=0.5,cheb_d50)",ext_mc_gen200-p0-9-44,maximum_clique,38.0,1.0195486999982677,354,38,0,0.0,False,"[1, 132, 5, 6, 135, 139, 13, 144, 145, 16, 22, 26, 154, 155, 161, 173, 46, 174, 48, 49, 175, 184, 58, 64, 198, 71, 76, 85, 89, 90, 94, 105, 107, 115, 118, 121, 125, 126]",gen200-p0-9-44,MS_HybridSeed_K10_b0p5_cheb_d50,0,0,4.119750399997429,200,external,MS_HybridSeed,cheb_d50,10,10.0,True,0.5,MS_HybridSeed_b0.5_cheb_d50
"MS_HybridSeed(K=10,beta=0.75,cheb_d50)",ext_mc_gen200-p0-9-44,maximum_clique,38.0,1.0079236999990826,354,38,0,0.0,False,"[1, 132, 5, 6, 135, 139, 13, 144, 145, 16, 22, 26, 154, 155, 161, 173, 46, 174, 48, 49, 175, 184, 58, 64, 198, 71, 76, 85, 89, 90, 94, 105, 107, 115, 118, 121, 125, 126]",gen200-p0-9-44,MS_HybridSeed_K10_b0p75_cheb_d50,0,0,4.139275999998063,200,external,MS_HybridSeed,cheb_d50,10,10.0,True,0.75,MS_HybridSeed_b0.75_cheb_d50
"MS_HybridSeed(K=20,beta=0.25,cheb_d50)",ext_mc_gen200-p0-9-44,maximum_clique,38.0,1.9850837000012689,704,38,0,0.0,False,"[1, 132, 5, 6, 135, 139, 13, 144, 145, 16, 22, 26, 154, 155, 161, 173, 46, 174, 48, 49, 175, 184, 58, 64, 198, 71, 76, 85, 89, 90, 94, 105, 107, 115, 118, 121, 125, 126]",gen200-p0-9-44,MS_HybridSeed_K20_b0p25_cheb_d50,0,0,5.089365799998632,200,external,MS_HybridSeed,cheb_d50,20,20.0,True,0.25,MS_HybridSeed_b0.25_cheb_d50
"MS_HybridSeed(K=20,beta=0.5,cheb_d50)",ext_mc_gen200-p0-9-44,maximum_clique,38.0,2.0229858000020613,703,38,0,0.0,False,"[1, 132, 5, 6, 135, 139, 13, 144, 145, 16, 22, 26, 154, 155, 161, 173, 46, 174, 48, 49, 175, 184, 58, 64, 198, 71, 76, 85, 89, 90, 94, 105, 107, 115, 118, 121, 125, 126]",gen200-p0-9-44,MS_HybridSeed_K20_b0p5_cheb_d50,0,0,5.135404600001493,200,external,MS_HybridSeed,cheb_d50,20,20.0,True,0.5,MS_HybridSeed_b0.5_cheb_d50
"MS_HybridSeed(K=20,beta=0.75,cheb_d50)",ext_mc_gen200-p0-9-44,maximum_clique,38.0,1.9372517999981937,701,38,0,0.0,False,"[1, 132, 5, 6, 135, 139, 13, 144, 145, 16, 22, 26, 154, 155, 161, 173, 46, 174, 48, 49, 175, 184, 58, 64, 198, 71, 76, 85, 89, 90, 94, 105, 107, 115, 118, 121, 125, 126]",gen200-p0-9-44,MS_HybridSeed_K20_b0p75_cheb_d50,0,0,5.081592400001682,200,external,MS_HybridSeed,cheb_d50,20,20.0,True,0.75,MS_HybridSeed_b0.75_cheb_d50
ClassicalClique,ext_mc_p-hat300-3,maximum_clique,32.0,0.19619719999900553,32,32,0,0.0,False,"[130, 3, 132, 262, 267, 272, 17, 148, 20, 152, 27, 158, 32, 289, 39, 296, 297, 298, 48, 55, 189, 74, 75, 204, 225, 97, 234, 238, 239, 118, 246, 254]",p-hat300-3,ClassicalClique,0,0,3.285479199999827,300,external,ClassicalClique,N/A,0,,,,ClassicalClique
MS_Random(K=5),ext_mc_p-hat300-3,maximum_clique,32.0,0.8330825999983063,152,32,0,0.0,False,"[130, 3, 132, 262, 267, 272, 17, 148, 20, 152, 27, 158, 32, 289, 39, 296, 297, 298, 48, 55, 189, 74, 75, 204, 225, 97, 234, 238, 239, 118, 246, 254]",p-hat300-3,MS_Random_K5,0,0,3.937731599999097,300,external,MS_Random,N/A,5,5.0,,,MS_Random
MS_Degree(K=5),ext_mc_p-hat300-3,maximum_clique,33.0,0.8725776999999653,157,33,0,0.0,False,"[258, 138, 271, 272, 273, 20, 148, 152, 25, 280, 27, 158, 32, 37, 165, 39, 295, 298, 171, 173, 47, 48, 178, 55, 189, 74, 75, 204, 97, 109, 238, 251, 254]",p-hat300-3,MS_Degree_K5,0,0,3.927256999999372,300,external,MS_Degree,N/A,5,5.0,,,MS_Degree
MS_Random(K=10),ext_mc_p-hat300-3,maximum_clique,32.0,1.4430685000006633,290,32,0,0.0,False,"[258, 6, 138, 273, 20, 148, 279, 25, 27, 158, 162, 37, 165, 295, 39, 171, 47, 48, 178, 196, 74, 75, 204, 207, 218, 97, 106, 243, 119, 249, 251, 254]",p-hat300-3,MS_Random_K10,0,0,4.6051112999994075,300,external,MS_Random,N/A,10,10.0,,,MS_Random
MS_Degree(K=10),ext_mc_p-hat300-3,maximum_clique,34.0,1.7204074000001128,315,34,0,0.0,False,"[259, 132, 134, 267, 18, 148, 23, 286, 289, 164, 37, 39, 296, 297, 298, 173, 48, 55, 184, 189, 198, 74, 75, 204, 78, 86, 218, 225, 97, 109, 238, 239, 246, 254]",p-hat300-3,MS_Degree_K10,0,0,4.854044799998519,300,external,MS_Degree,N/A,10,10.0,,,MS_Degree
MS_Random(K=20),ext_mc_p-hat300-3,maximum_clique,34.0,3.1232429000010598,600,34,0,0.0,False,"[259, 261, 134, 267, 144, 18, 148, 21, 23, 286, 289, 164, 37, 39, 296, 297, 173, 48, 55, 58, 189, 196, 198, 74, 75, 78, 86, 88, 220, 97, 225, 236, 246, 254]",p-hat300-3,MS_Random_K20,0,0,6.215902700001607,300,external,MS_Random,N/A,20,20.0,,,MS_Random
MS_Degree(K=20),ext_mc_p-hat300-3,maximum_clique,34.0,3.396911199997703,626,34,0,0.0,False,"[259, 132, 134, 267, 18, 148, 23, 286, 289, 164, 37, 39, 296, 297, 298, 173, 48, 55, 184, 189, 198, 74, 75, 204, 78, 86, 218, 225, 97, 109, 238, 239, 246, 254]",p-hat300-3,MS_Degree_K20,0,0,6.517154999997729,300,external,MS_Degree,N/A,20,20.0,,,MS_Degree
"MS_CTQW(K=5,cheb_d50)",ext_mc_p-hat300-3,maximum_clique,33.0,0.8430207000019436,156,33,0,0.0,False,"[3, 259, 267, 268, 272, 148, 152, 25, 155, 158, 289, 164, 37, 39, 296, 297, 298, 48, 55, 184, 189, 198, 74, 75, 204, 78, 97, 225, 230, 109, 238, 239, 254]",p-hat300-3,MS_CTQW_K5_cheb_d50,0,0,3.9132572999988042,300,external,MS_CTQW,cheb_d50,5,5.0,True,,MS_CTQW_cheb_d50
"MS_CTQW(K=10,cheb_d50)",ext_mc_p-hat300-3,maximum_clique,33.0,1.6344917999995232,313,33,0,0.0,False,"[3, 259, 267, 268, 272, 148, 152, 25, 155, 158, 289, 164, 37, 39, 296, 297, 298, 48, 55, 184, 189, 198, 74, 75, 204, 78, 97, 225, 230, 109, 238, 239, 254]",p-hat300-3,MS_CTQW_K10_cheb_d50,0,0,4.686597200001415,300,external,MS_CTQW,cheb_d50,10,10.0,True,,MS_CTQW_cheb_d50
"MS_CTQW(K=20,cheb_d50)",ext_mc_p-hat300-3,maximum_clique,34.0,3.32584759999736,629,34,0,0.0,False,"[258, 3, 260, 137, 267, 18, 19, 20, 148, 286, 289, 164, 37, 292, 36, 42, 298, 47, 48, 176, 55, 189, 198, 75, 204, 78, 88, 90, 238, 245, 118, 246, 250, 254]",p-hat300-3,MS_CTQW_K20_cheb_d50,0,0,6.396933899999567,300,external,MS_CTQW,cheb_d50,20,20.0,True,,MS_CTQW_cheb_d50
"MS_HybridSeed(K=5,beta=0.25,cheb_d50)",ext_mc_p-hat300-3,maximum_clique,33.0,0.8558874999980617,157,33,0,0.0,False,"[258, 138, 271, 272, 273, 20, 148, 152, 25, 280, 27, 158, 32, 37, 165, 39, 295, 298, 171, 173, 47, 48, 178, 55, 189, 74, 75, 204, 97, 109, 238, 251, 254]",p-hat300-3,MS_HybridSeed_K5_b0p25_cheb_d50,0,0,3.910432700002275,300,external,MS_HybridSeed,cheb_d50,5,5.0,True,0.25,MS_HybridSeed_b0.25_cheb_d50
"MS_HybridSeed(K=5,beta=0.5,cheb_d50)",ext_mc_p-hat300-3,maximum_clique,33.0,0.8495354000006046,155,33,0,0.0,False,"[258, 138, 271, 272, 273, 20, 148, 152, 25, 280, 27, 158, 32, 37, 165, 39, 295, 298, 171, 173, 47, 48, 178, 55, 189, 74, 75, 204, 97, 109, 238, 251, 254]",p-hat300-3,MS_HybridSeed_K5_b0p5_cheb_d50,0,0,4.0856714000001375,300,external,MS_HybridSeed,cheb_d50,5,5.0,True,0.5,MS_HybridSeed_b0.5_cheb_d50
"MS_HybridSeed(K=5,beta=0.75,cheb_d50)",ext_mc_p-hat300-3,maximum_clique,33.0,0.8491627000003064,155,33,0,0.0,False,"[258, 138, 271, 272, 273, 20, 148, 152, 25, 280, 27, 158, 32, 37, 165, 39, 295, 298, 171, 173, 47, 48, 178, 55, 189, 74, 75, 204, 97, 109, 238, 251, 254]",p-hat300-3,MS_HybridSeed_K5_b0p75_cheb_d50,0,0,3.943185700001777,300,external,MS_HybridSeed,cheb_d50,5,5.0,True,0.75,MS_HybridSeed_b0.75_cheb_d50
"MS_HybridSeed(K=10,beta=0.25,cheb_d50)",ext_mc_p-hat300-3,maximum_clique,33.0,1.6972875999999815,310,33,0,0.0,False,"[258, 138, 271, 272, 273, 20, 148, 152, 25, 280, 27, 158, 32, 37, 165, 39, 295, 298, 171, 173, 47, 48, 178, 55, 189, 74, 75, 204, 97, 109, 238, 251, 254]",p-hat300-3,MS_HybridSeed_K10_b0p25_cheb_d50,0,0,4.770715800001199,300,external,MS_HybridSeed,cheb_d50,10,10.0,True,0.25,MS_HybridSeed_b0.25_cheb_d50
"MS_HybridSeed(K=10,beta=0.5,cheb_d50)",ext_mc_p-hat300-3,maximum_clique,33.0,1.7532637000003888,312,33,0,0.0,False,"[258, 138, 271, 272, 273, 20, 148, 152, 25, 280, 27, 158, 32, 37, 165, 39, 295, 298, 171, 173, 47, 48, 178, 55, 189, 74, 75, 204, 97, 109, 238, 251, 254]",p-hat300-3,MS_HybridSeed_K10_b0p5_cheb_d50,0,0,4.798493499998585,300,external,MS_HybridSeed,cheb_d50,10,10.0,True,0.5,MS_HybridSeed_b0.5_cheb_d50
"MS_HybridSeed(K=10,beta=0.75,cheb_d50)",ext_mc_p-hat300-3,maximum_clique,33.0,1.6391358000000764,312,33,0,0.0,False,"[258, 138, 271, 272, 273, 20, 148, 152, 25, 280, 27, 158, 32, 37, 165, 39, 295, 298, 171, 173, 47, 48, 178, 55, 189, 74, 75, 204, 97, 109, 238, 251, 254]",p-hat300-3,MS_HybridSeed_K10_b0p75_cheb_d50,0,0,4.729770400001144,300,external,MS_HybridSeed,cheb_d50,10,10.0,True,0.75,MS_HybridSeed_b0.75_cheb_d50
"MS_HybridSeed(K=20,beta=0.25,cheb_d50)",ext_mc_p-hat300-3,maximum_clique,34.0,3.368758600001456,626,34,0,0.0,False,"[258, 3, 260, 137, 267, 18, 19, 20, 148, 286, 289, 164, 37, 292, 36, 42, 298, 47, 48, 176, 55, 189, 198, 75, 204, 78, 88, 90, 238, 245, 118, 246, 250, 254]",p-hat300-3,MS_HybridSeed_K20_b0p25_cheb_d50,0,0,6.461300400002074,300,external,MS_HybridSeed,cheb_d50,20,20.0,True,0.25,MS_HybridSeed_b0.25_cheb_d50
"MS_HybridSeed(K=20,beta=0.5,cheb_d50)",ext_mc_p-hat300-3,maximum_clique,34.0,3.386591900001804,626,34,0,0.0,False,"[258, 3, 260, 137, 267, 18, 19, 20, 148, 286, 289, 164, 37, 292, 36, 42, 298, 47, 48, 176, 55, 189, 198, 75, 204, 78, 88, 90, 238, 245, 118, 246, 250, 254]",p-hat300-3,MS_HybridSeed_K20_b0p5_cheb_d50,0,0,6.4922559000006,300,external,MS_HybridSeed,cheb_d50,20,20.0,True,0.5,MS_HybridSeed_b0.5_cheb_d50
"MS_HybridSeed(K=20,beta=0.75,cheb_d50)",ext_mc_p-hat300-3,maximum_clique,34.0,3.284726599998976,628,34,0,0.0,False,"[258, 3, 260, 137, 267, 18, 19, 20, 148, 286, 289, 164, 37, 292, 36, 42, 298, 47, 48, 176, 55, 189, 198, 75, 204, 78, 88, 90, 238, 245, 118, 246, 250, 254]",p-hat300-3,MS_HybridSeed_K20_b0p75_cheb_d50,0,0,6.400643799999671,300,external,MS_HybridSeed,cheb_d50,20,20.0,True,0.75,MS_HybridSeed_b0.75_cheb_d50
