algorithm,sample_id,task_type,objective,runtime,iterations,solution_size,answer_size,recall,timed_out,solution,source_label,algo_key,run_id,seed,wall_time,n,mode,family,method_tag,K,n_seeds_tried,timeout_limit,display_name
ClassicalClique,ext_mc_C1000-9,maximum_clique,60,11.1195125,60,60,0,0,FALSE,"[513, 1, 131, 516, 4, 262, 391, 771, 517, 655, 16, 18, 787, 788, 789, 278, 148, 283, 539, 158, 161, 292, 298, 812, 45, 47, 435, 311, 441, 62, 190, 192, 577, 578, 581, 72, 329, 458, 78, 212, 853, 217, 218, 986, 734, 990, 481, 99, 612, 998, 230, 747, 749, 880, 368, 627, 628, 885, 629, 892]",C1000-9,ClassicalClique,0,0,12.26271171,1000,external,ClassicalClique,N/A,0,,,ClassicalClique
MS_Random(K=5),ext_mc_C1000-9,maximum_clique,59,52.19242699,287,59,0,0,FALSE,"[903, 392, 527, 16, 656, 147, 787, 789, 534, 409, 283, 31, 160, 161, 418, 927, 36, 295, 298, 682, 683, 812, 430, 45, 43, 427, 813, 820, 181, 567, 313, 573, 578, 194, 707, 839, 203, 844, 589, 719, 975, 209, 472, 348, 605, 734, 351, 989, 612, 614, 105, 617, 492, 368, 116, 501, 246, 762, 510]",C1000-9,MS_Random_K5,0,0,53.30838538,1000,external,MS_Random,N/A,5,5,,MS_Random
MS_Degree(K=5),ext_mc_C1000-9,maximum_clique,60,52.51709419,289,60,0,0,FALSE,"[513, 1, 131, 516, 4, 262, 391, 771, 517, 655, 16, 18, 787, 788, 789, 278, 148, 283, 539, 158, 161, 292, 298, 812, 45, 47, 435, 311, 441, 62, 190, 192, 577, 578, 581, 72, 329, 458, 78, 212, 853, 217, 218, 986, 734, 990, 481, 99, 612, 998, 230, 747, 749, 880, 368, 627, 628, 885, 629, 892]",C1000-9,MS_Degree_K5,0,0,53.62472369,1000,external,MS_Degree,N/A,5,5,,MS_Degree
MS_Random(K=10),ext_mc_C1000-9,maximum_clique,60,102.2728458,572,60,0,0,FALSE,"[131, 644, 643, 263, 655, 16, 527, 787, 148, 789, 20, 794, 283, 668, 158, 801, 674, 547, 934, 680, 45, 310, 311, 823, 185, 822, 444, 190, 62, 574, 832, 577, 578, 195, 958, 581, 322, 327, 72, 584, 78, 719, 218, 219, 989, 734, 737, 99, 355, 998, 103, 230, 747, 110, 368, 627, 629, 246, 118, 636]",C1000-9,MS_Random_K10,0,0,103.3691755,1000,external,MS_Random,N/A,10,10,,MS_Random
MS_Degree(K=10),ext_mc_C1000-9,maximum_clique,60,105.5596345,580,60,0,0,FALSE,"[513, 1, 131, 516, 4, 262, 391, 771, 517, 655, 16, 18, 787, 788, 789, 278, 148, 283, 539, 158, 161, 292, 298, 812, 45, 47, 435, 311, 441, 62, 190, 192, 577, 578, 581, 72, 329, 458, 78, 212, 853, 217, 218, 986, 734, 990, 481, 99, 612, 998, 230, 747, 749, 880, 368, 627, 628, 885, 629, 892]",C1000-9,MS_Degree_K10,0,0,106.6409103,1000,external,MS_Degree,N/A,10,10,,MS_Degree
"MS_CTQW(K=5,krylov_m30)",ext_mc_C1000-9,maximum_clique,60,52.92035294,290,60,0,0,FALSE,"[128, 643, 261, 6, 263, 776, 777, 525, 782, 527, 143, 147, 787, 275, 917, 789, 284, 542, 31, 800, 33, 549, 681, 425, 299, 553, 812, 305, 180, 438, 567, 311, 695, 955, 65, 70, 456, 203, 204, 461, 719, 977, 724, 340, 598, 344, 218, 861, 351, 869, 102, 617, 363, 747, 238, 623, 760, 368, 246, 504]",C1000-9,MS_CTQW_K5_krylov_m30,0,0,53.90506718,1000,external,MS_CTQW,krylov_m30,5,5,,MS_CTQW_krylov_m30
"MS_CTQW(K=5,cheb_d50)",ext_mc_C1000-9,maximum_clique,60,52.81548765,290,60,0,0,FALSE,"[513, 1, 131, 516, 4, 262, 391, 771, 517, 655, 16, 18, 787, 788, 789, 278, 148, 283, 539, 158, 161, 292, 298, 812, 45, 47, 435, 311, 441, 62, 190, 192, 577, 578, 581, 72, 329, 458, 78, 212, 853, 217, 218, 986, 734, 990, 481, 99, 612, 998, 230, 747, 749, 880, 368, 627, 628, 885, 629, 892]",C1000-9,MS_CTQW_K5_cheb_d50,0,0,53.85585628,1000,external,MS_CTQW,cheb_d50,5,5,,MS_CTQW_cheb_d50
"MS_CTQW(K=10,cheb_d50)",ext_mc_C1000-9,maximum_clique,60,105.0738652,580,60,0,0,FALSE,"[513, 1, 131, 516, 4, 262, 391, 771, 517, 655, 16, 18, 787, 788, 789, 278, 148, 283, 539, 158, 161, 292, 298, 812, 45, 47, 435, 311, 441, 62, 190, 192, 577, 578, 581, 72, 329, 458, 78, 212, 853, 217, 218, 986, 734, 990, 481, 99, 612, 998, 230, 747, 749, 880, 368, 627, 628, 885, 629, 892]",C1000-9,MS_CTQW_K10_cheb_d50,0,0,106.1427922,1000,external,MS_CTQW,cheb_d50,10,10,,MS_CTQW_cheb_d50
"MS_CTQW(K=10,krylov_m30)",ext_mc_C1000-9,maximum_clique,60,106.3321232,578,60,0,0,FALSE,"[128, 643, 261, 6, 263, 776, 777, 525, 782, 527, 143, 147, 787, 275, 917, 789, 284, 542, 31, 800, 33, 549, 681, 425, 299, 553, 812, 305, 180, 438, 567, 311, 695, 955, 65, 70, 456, 203, 204, 461, 719, 977, 724, 340, 598, 344, 218, 861, 351, 869, 102, 617, 363, 747, 238, 623, 760, 368, 246, 504]",C1000-9,MS_CTQW_K10_krylov_m30,0,0,107.325911,1000,external,MS_CTQW,krylov_m30,10,10,,MS_CTQW_krylov_m30
MS_Random(K=20),ext_mc_C1000-9,maximum_clique,63,210.9414214,1157,63,0,0,FALSE,"[901, 394, 139, 780, 782, 655, 913, 22, 406, 795, 284, 668, 542, 670, 671, 673, 546, 34, 292, 932, 294, 807, 296, 678, 809, 552, 940, 936, 305, 50, 820, 54, 439, 183, 825, 699, 62, 703, 321, 579, 195, 837, 204, 76, 78, 207, 464, 720, 216, 345, 986, 859, 858, 607, 96, 741, 242, 627, 246, 758, 762, 763, 381]",C1000-9,MS_Random_K20,0,0,211.9505016,1000,external,MS_Random,N/A,20,20,,MS_Random
ClassicalClique,ext_mc_C1000-9,maximum_clique,60,11.06498564,60,60,0,0,FALSE,"[513, 1, 131, 516, 4, 262, 391, 771, 517, 655, 16, 18, 787, 788, 789, 278, 148, 283, 539, 158, 161, 292, 298, 812, 45, 47, 435, 311, 441, 62, 190, 192, 577, 578, 581, 72, 329, 458, 78, 212, 853, 217, 218, 986, 734, 990, 481, 99, 612, 998, 230, 747, 749, 880, 368, 627, 628, 885, 629, 892]",C1000-9,ClassicalClique,1,1,12.23969367,1000,external,ClassicalClique,N/A,0,,,ClassicalClique
MS_Degree(K=20),ext_mc_C1000-9,maximum_clique,60,211.9068688,1157,60,0,0,FALSE,"[513, 1, 131, 516, 4, 262, 391, 771, 517, 655, 16, 18, 787, 788, 789, 278, 148, 283, 539, 158, 161, 292, 298, 812, 45, 47, 435, 311, 441, 62, 190, 192, 577, 578, 581, 72, 329, 458, 78, 212, 853, 217, 218, 986, 734, 990, 481, 99, 612, 998, 230, 747, 749, 880, 368, 627, 628, 885, 629, 892]",C1000-9,MS_Degree_K20,0,0,212.9057461,1000,external,MS_Degree,N/A,20,20,,MS_Degree
MS_Random(K=5),ext_mc_C1000-9,maximum_clique,61,51.37989333,287,61,0,0,FALSE,"[384, 898, 644, 773, 900, 135, 779, 397, 910, 527, 143, 147, 787, 663, 543, 416, 289, 674, 162, 804, 38, 39, 680, 937, 682, 940, 560, 305, 439, 312, 699, 315, 574, 447, 703, 961, 706, 336, 721, 212, 469, 340, 471, 986, 606, 863, 482, 483, 355, 100, 615, 103, 617, 618, 622, 495, 366, 884, 246, 374, 252]",C1000-9,MS_Random_K5,1,1,52.3848344,1000,external,MS_Random,N/A,5,5,,MS_Random
MS_Degree(K=5),ext_mc_C1000-9,maximum_clique,60,52.55972924,289,60,0,0,FALSE,"[513, 1, 131, 516, 4, 262, 391, 771, 517, 655, 16, 18, 787, 788, 789, 278, 148, 283, 539, 158, 161, 292, 298, 812, 45, 47, 435, 311, 441, 62, 190, 192, 577, 578, 581, 72, 329, 458, 78, 212, 853, 217, 218, 986, 734, 990, 481, 99, 612, 998, 230, 747, 749, 880, 368, 627, 628, 885, 629, 892]",C1000-9,MS_Degree_K5,1,1,53.52294068,1000,external,MS_Degree,N/A,5,5,,MS_Degree
"MS_CTQW(K=20,krylov_m30)",ext_mc_C1000-9,maximum_clique,60,208.605936,1152,60,0,0,FALSE,"[128, 643, 261, 6, 263, 776, 777, 525, 782, 527, 143, 147, 787, 275, 917, 789, 284, 542, 31, 800, 33, 549, 681, 425, 299, 553, 812, 305, 180, 438, 567, 311, 695, 955, 65, 70, 456, 203, 204, 461, 719, 977, 724, 340, 598, 344, 218, 861, 351, 869, 102, 617, 363, 747, 238, 623, 760, 368, 246, 504]",C1000-9,MS_CTQW_K20_krylov_m30,0,0,209.6239923,1000,external,MS_CTQW,krylov_m30,20,20,,MS_CTQW_krylov_m30
MS_Random(K=10),ext_mc_C1000-9,maximum_clique,64,103.9444136,576,64,0,0,FALSE,"[513, 130, 131, 769, 901, 393, 267, 396, 528, 912, 147, 663, 159, 289, 162, 37, 294, 678, 549, 555, 299, 43, 814, 812, 305, 946, 180, 820, 54, 311, 567, 185, 438, 699, 313, 575, 576, 65, 579, 837, 720, 721, 210, 724, 84, 598, 344, 987, 120, 482, 483, 611, 99, 103, 232, 617, 366, 495, 498, 627, 246, 376, 637, 383]",C1000-9,MS_Random_K10,1,1,104.9616603,1000,external,MS_Random,N/A,10,10,,MS_Random
MS_Degree(K=10),ext_mc_C1000-9,maximum_clique,60,105.2479483,580,60,0,0,FALSE,"[513, 1, 131, 516, 4, 262, 391, 771, 517, 655, 16, 18, 787, 788, 789, 278, 148, 283, 539, 158, 161, 292, 298, 812, 45, 47, 435, 311, 441, 62, 190, 192, 577, 578, 581, 72, 329, 458, 78, 212, 853, 217, 218, 986, 734, 990, 481, 99, 612, 998, 230, 747, 749, 880, 368, 627, 628, 885, 629, 892]",C1000-9,MS_Degree_K10,1,1,106.3056188,1000,external,MS_Degree,N/A,10,10,,MS_Degree
"MS_CTQW(K=5,krylov_m30)",ext_mc_C1000-9,maximum_clique,60,52.56017023,290,60,0,0,FALSE,"[128, 643, 261, 6, 263, 776, 777, 525, 782, 527, 143, 147, 787, 275, 917, 789, 284, 542, 31, 800, 33, 549, 681, 425, 299, 553, 812, 305, 180, 438, 567, 311, 695, 955, 65, 70, 456, 203, 204, 461, 719, 977, 724, 340, 598, 344, 218, 861, 351, 869, 102, 617, 363, 747, 238, 623, 760, 368, 246, 504]",C1000-9,MS_CTQW_K5_krylov_m30,1,1,53.56924705,1000,external,MS_CTQW,krylov_m30,5,5,,MS_CTQW_krylov_m30
"MS_CTQW(K=20,cheb_d50)",ext_mc_C1000-9,maximum_clique,61,210.2325743,1152,61,0,0,FALSE,"[515, 260, 644, 652, 908, 655, 913, 401, 787, 915, 25, 283, 668, 928, 672, 674, 929, 37, 679, 552, 682, 683, 940, 689, 310, 950, 312, 185, 441, 58, 62, 832, 579, 836, 707, 454, 841, 330, 843, 586, 78, 206, 596, 856, 89, 218, 482, 611, 231, 105, 489, 491, 750, 627, 244, 117, 246, 629, 376, 755, 765]",C1000-9,MS_CTQW_K20_cheb_d50,0,0,211.3114538,1000,external,MS_CTQW,cheb_d50,20,20,,MS_CTQW_cheb_d50
"MS_CTQW(K=5,cheb_d50)",ext_mc_C1000-9,maximum_clique,60,53.18916554,290,60,0,0,FALSE,"[513, 1, 131, 516, 4, 262, 391, 771, 517, 655, 16, 18, 787, 788, 789, 278, 148, 283, 539, 158, 161, 292, 298, 812, 45, 47, 435, 311, 441, 62, 190, 192, 577, 578, 581, 72, 329, 458, 78, 212, 853, 217, 218, 986, 734, 990, 481, 99, 612, 998, 230, 747, 749, 880, 368, 627, 628, 885, 629, 892]",C1000-9,MS_CTQW_K5_cheb_d50,1,1,54.24529936,1000,external,MS_CTQW,cheb_d50,5,5,,MS_CTQW_cheb_d50
MS_Random(K=20),ext_mc_C1000-9,maximum_clique,61,211.7493415,1153,61,0,0,FALSE,"[128, 0, 764, 260, 782, 401, 787, 275, 22, 793, 669, 413, 287, 672, 673, 161, 419, 289, 37, 165, 288, 40, 36, 170, 428, 559, 178, 180, 54, 567, 824, 57, 952, 699, 835, 197, 330, 467, 598, 344, 730, 732, 606, 97, 482, 100, 869, 997, 101, 360, 617, 491, 620, 494, 495, 238, 627, 252, 246, 502, 636]",C1000-9,MS_Random_K20,1,1,212.6891938,1000,external,MS_Random,N/A,20,20,,MS_Random
"MS_CTQW(K=10,cheb_d50)",ext_mc_C1000-9,maximum_clique,60,105.3762604,580,60,0,0,FALSE,"[513, 1, 131, 516, 4, 262, 391, 771, 517, 655, 16, 18, 787, 788, 789, 278, 148, 283, 539, 158, 161, 292, 298, 812, 45, 47, 435, 311, 441, 62, 190, 192, 577, 578, 581, 72, 329, 458, 78, 212, 853, 217, 218, 986, 734, 990, 481, 99, 612, 998, 230, 747, 749, 880, 368, 627, 628, 885, 629, 892]",C1000-9,MS_CTQW_K10_cheb_d50,1,1,106.5798527,1000,external,MS_CTQW,cheb_d50,10,10,,MS_CTQW_cheb_d50
"MS_CTQW(K=10,krylov_m30)",ext_mc_C1000-9,maximum_clique,60,105.9778013,578,60,0,0,FALSE,"[128, 643, 261, 6, 263, 776, 777, 525, 782, 527, 143, 147, 787, 275, 917, 789, 284, 542, 31, 800, 33, 549, 681, 425, 299, 553, 812, 305, 180, 438, 567, 311, 695, 955, 65, 70, 456, 203, 204, 461, 719, 977, 724, 340, 598, 344, 218, 861, 351, 869, 102, 617, 363, 747, 238, 623, 760, 368, 246, 504]",C1000-9,MS_CTQW_K10_krylov_m30,1,1,107.1307324,1000,external,MS_CTQW,krylov_m30,10,10,,MS_CTQW_krylov_m30
ClassicalClique,ext_mc_C1000-9,maximum_clique,60,10.98792681,60,60,0,0,FALSE,"[513, 1, 131, 516, 4, 262, 391, 771, 517, 655, 16, 18, 787, 788, 789, 278, 148, 283, 539, 158, 161, 292, 298, 812, 45, 47, 435, 311, 441, 62, 190, 192, 577, 578, 581, 72, 329, 458, 78, 212, 853, 217, 218, 986, 734, 990, 481, 99, 612, 998, 230, 747, 749, 880, 368, 627, 628, 885, 629, 892]",C1000-9,ClassicalClique,2,2,12.07649585,1000,external,ClassicalClique,N/A,0,,,ClassicalClique
MS_Degree(K=20),ext_mc_C1000-9,maximum_clique,60,211.3793009,1157,60,0,0,FALSE,"[513, 1, 131, 516, 4, 262, 391, 771, 517, 655, 16, 18, 787, 788, 789, 278, 148, 283, 539, 158, 161, 292, 298, 812, 45, 47, 435, 311, 441, 62, 190, 192, 577, 578, 581, 72, 329, 458, 78, 212, 853, 217, 218, 986, 734, 990, 481, 99, 612, 998, 230, 747, 749, 880, 368, 627, 628, 885, 629, 892]",C1000-9,MS_Degree_K20,1,1,212.4280926,1000,external,MS_Degree,N/A,20,20,,MS_Degree
MS_Random(K=5),ext_mc_C1000-9,maximum_clique,64,52.82944183,293,64,0,0,FALSE,"[129, 775, 907, 782, 655, 916, 789, 22, 540, 672, 289, 288, 678, 170, 172, 305, 690, 182, 439, 825, 314, 699, 444, 953, 190, 62, 703, 318, 191, 579, 452, 325, 326, 966, 72, 968, 582, 575, 78, 338, 855, 345, 89, 859, 607, 225, 482, 483, 355, 997, 998, 103, 360, 491, 109, 381, 627, 756, 761, 758, 246, 505, 893, 383]",C1000-9,MS_Random_K5,2,2,53.85605104,1000,external,MS_Random,N/A,5,5,,MS_Random
MS_Degree(K=5),ext_mc_C1000-9,maximum_clique,60,52.30787863,289,60,0,0,FALSE,"[513, 1, 131, 516, 4, 262, 391, 771, 517, 655, 16, 18, 787, 788, 789, 278, 148, 283, 539, 158, 161, 292, 298, 812, 45, 47, 435, 311, 441, 62, 190, 192, 577, 578, 581, 72, 329, 458, 78, 212, 853, 217, 218, 986, 734, 990, 481, 99, 612, 998, 230, 747, 749, 880, 368, 627, 628, 885, 629, 892]",C1000-9,MS_Degree_K5,2,2,53.30370096,1000,external,MS_Degree,N/A,5,5,,MS_Degree
"MS_CTQW(K=20,krylov_m30)",ext_mc_C1000-9,maximum_clique,60,210.1421114,1152,60,0,0,FALSE,"[128, 643, 261, 6, 263, 776, 777, 525, 782, 527, 143, 147, 787, 275, 917, 789, 284, 542, 31, 800, 33, 549, 681, 425, 299, 553, 812, 305, 180, 438, 567, 311, 695, 955, 65, 70, 456, 203, 204, 461, 719, 977, 724, 340, 598, 344, 218, 861, 351, 869, 102, 617, 363, 747, 238, 623, 760, 368, 246, 504]",C1000-9,MS_CTQW_K20_krylov_m30,1,1,211.157655,1000,external,MS_CTQW,krylov_m30,20,20,,MS_CTQW_krylov_m30
MS_Random(K=10),ext_mc_C1000-9,maximum_clique,62,103.2690167,575,62,0,0,FALSE,"[513, 386, 387, 644, 775, 396, 780, 782, 655, 142, 654, 145, 533, 661, 668, 670, 674, 294, 680, 296, 810, 170, 940, 936, 426, 687, 45, 305, 561, 568, 825, 699, 446, 62, 703, 710, 72, 333, 78, 336, 80, 720, 83, 600, 344, 349, 98, 867, 612, 613, 483, 356, 744, 105, 623, 496, 627, 117, 246, 505, 122, 255]",C1000-9,MS_Random_K10,2,2,104.2366343,1000,external,MS_Random,N/A,10,10,,MS_Random
MS_Degree(K=10),ext_mc_C1000-9,maximum_clique,60,106.1749569,580,60,0,0,FALSE,"[513, 1, 131, 516, 4, 262, 391, 771, 517, 655, 16, 18, 787, 788, 789, 278, 148, 283, 539, 158, 161, 292, 298, 812, 45, 47, 435, 311, 441, 62, 190, 192, 577, 578, 581, 72, 329, 458, 78, 212, 853, 217, 218, 986, 734, 990, 481, 99, 612, 998, 230, 747, 749, 880, 368, 627, 628, 885, 629, 892]",C1000-9,MS_Degree_K10,2,2,107.1782581,1000,external,MS_Degree,N/A,10,10,,MS_Degree
"MS_CTQW(K=20,cheb_d50)",ext_mc_C1000-9,maximum_clique,61,210.2256461,1152,61,0,0,FALSE,"[515, 260, 644, 652, 908, 655, 913, 401, 787, 915, 25, 283, 668, 928, 672, 674, 929, 37, 679, 552, 682, 683, 940, 689, 310, 950, 312, 185, 441, 58, 62, 832, 579, 836, 707, 454, 841, 330, 843, 586, 78, 206, 596, 856, 89, 218, 482, 611, 231, 105, 489, 491, 750, 627, 244, 117, 246, 629, 376, 755, 765]",C1000-9,MS_CTQW_K20_cheb_d50,1,1,211.2155632,1000,external,MS_CTQW,cheb_d50,20,20,,MS_CTQW_cheb_d50
"MS_CTQW(K=5,krylov_m30)",ext_mc_C1000-9,maximum_clique,60,52.91761866,290,60,0,0,FALSE,"[128, 643, 261, 6, 263, 776, 777, 525, 782, 527, 143, 147, 787, 275, 917, 789, 284, 542, 31, 800, 33, 549, 681, 425, 299, 553, 812, 305, 180, 438, 567, 311, 695, 955, 65, 70, 456, 203, 204, 461, 719, 977, 724, 340, 598, 344, 218, 861, 351, 869, 102, 617, 363, 747, 238, 623, 760, 368, 246, 504]",C1000-9,MS_CTQW_K5_krylov_m30,2,2,53.88498399,1000,external,MS_CTQW,krylov_m30,5,5,,MS_CTQW_krylov_m30
"MS_CTQW(K=5,cheb_d50)",ext_mc_C1000-9,maximum_clique,60,53.32525228,290,60,0,0,FALSE,"[513, 1, 131, 516, 4, 262, 391, 771, 517, 655, 16, 18, 787, 788, 789, 278, 148, 283, 539, 158, 161, 292, 298, 812, 45, 47, 435, 311, 441, 62, 190, 192, 577, 578, 581, 72, 329, 458, 78, 212, 853, 217, 218, 986, 734, 990, 481, 99, 612, 998, 230, 747, 749, 880, 368, 627, 628, 885, 629, 892]",C1000-9,MS_CTQW_K5_cheb_d50,2,2,54.27927866,1000,external,MS_CTQW,cheb_d50,5,5,,MS_CTQW_cheb_d50
MS_Random(K=20),ext_mc_C1000-9,maximum_clique,64,205.6470115,1143,64,0,0,FALSE,"[261, 780, 782, 655, 144, 913, 270, 787, 400, 277, 22, 789, 284, 668, 540, 671, 672, 289, 164, 549, 807, 936, 553, 170, 43, 940, 305, 54, 953, 699, 62, 575, 703, 190, 706, 63, 836, 837, 580, 961, 456, 318, 587, 78, 855, 344, 89, 986, 345, 732, 734, 607, 96, 226, 483, 867, 744, 363, 238, 242, 627, 246, 758, 381]",C1000-9,MS_Random_K20,2,2,206.6356249,1000,external,MS_Random,N/A,20,20,,MS_Random
"MS_CTQW(K=10,krylov_m30)",ext_mc_C1000-9,maximum_clique,60,105.1163352,578,60,0,0,FALSE,"[128, 643, 261, 6, 263, 776, 777, 525, 782, 527, 143, 147, 787, 275, 917, 789, 284, 542, 31, 800, 33, 549, 681, 425, 299, 553, 812, 305, 180, 438, 567, 311, 695, 955, 65, 70, 456, 203, 204, 461, 719, 977, 724, 340, 598, 344, 218, 861, 351, 869, 102, 617, 363, 747, 238, 623, 760, 368, 246, 504]",C1000-9,MS_CTQW_K10_krylov_m30,2,2,106.1328999,1000,external,MS_CTQW,krylov_m30,10,10,,MS_CTQW_krylov_m30
ClassicalClique,ext_mc_C250-9,maximum_clique,42,0.186519696,42,42,0,0,FALSE,"[130, 5, 7, 135, 141, 16, 149, 150, 21, 25, 30, 34, 40, 43, 173, 49, 52, 57, 188, 60, 62, 190, 194, 195, 69, 71, 75, 203, 83, 84, 85, 220, 94, 96, 101, 104, 105, 113, 116, 120, 121, 124]",C250-9,ClassicalClique,0,0,1.096750007,250,external,ClassicalClique,N/A,0,,,ClassicalClique
MS_Random(K=5),ext_mc_C250-9,maximum_clique,39,0.592748002,187,39,0,0,FALSE,"[128, 132, 135, 8, 138, 16, 147, 149, 26, 28, 157, 158, 160, 32, 34, 38, 166, 173, 183, 62, 63, 193, 65, 196, 197, 72, 201, 204, 78, 211, 84, 85, 93, 95, 101, 110, 240, 247, 124]",C250-9,MS_Random_K5,0,0,1.547380103,250,external,MS_Random,N/A,5,5,,MS_Random
MS_Degree(K=5),ext_mc_C250-9,maximum_clique,42,0.607182808,198,42,0,0,FALSE,"[130, 5, 7, 135, 141, 16, 149, 150, 21, 25, 30, 34, 40, 43, 173, 49, 52, 57, 188, 60, 62, 190, 194, 195, 69, 71, 75, 203, 83, 84, 85, 220, 94, 96, 101, 104, 105, 113, 116, 120, 121, 124]",C250-9,MS_Degree_K5,0,0,1.454633075,250,external,MS_Degree,N/A,5,5,,MS_Degree
MS_Random(K=10),ext_mc_C250-9,maximum_clique,42,1.126186755,388,42,0,0,FALSE,"[130, 5, 7, 135, 141, 16, 149, 150, 21, 25, 30, 34, 40, 43, 173, 49, 52, 57, 188, 60, 62, 190, 194, 195, 69, 71, 75, 203, 83, 84, 85, 220, 94, 96, 101, 104, 105, 113, 116, 120, 121, 124]",C250-9,MS_Random_K10,0,0,1.983355871,250,external,MS_Random,N/A,10,10,,MS_Random
MS_Degree(K=10),ext_mc_C250-9,maximum_clique,42,1.155073407,397,42,0,0,FALSE,"[130, 5, 7, 135, 141, 16, 149, 150, 21, 25, 30, 34, 40, 43, 173, 49, 52, 57, 188, 60, 62, 190, 194, 195, 69, 71, 75, 203, 83, 84, 85, 220, 94, 96, 101, 104, 105, 113, 116, 120, 121, 124]",C250-9,MS_Degree_K10,0,0,2.021762609,250,external,MS_Degree,N/A,10,10,,MS_Degree
MS_Random(K=20),ext_mc_C250-9,maximum_clique,42,2.244401501,773,42,0,0,FALSE,"[133, 5, 137, 141, 14, 144, 149, 157, 158, 159, 162, 40, 45, 47, 49, 177, 189, 62, 195, 196, 197, 71, 203, 208, 83, 211, 85, 220, 97, 226, 229, 104, 233, 107, 240, 114, 242, 116, 117, 119, 123, 124]",C250-9,MS_Random_K20,0,0,3.147681762,250,external,MS_Random,N/A,20,20,,MS_Random
MS_Degree(K=20),ext_mc_C250-9,maximum_clique,42,2.326302628,778,42,0,0,FALSE,"[130, 5, 7, 135, 141, 16, 149, 150, 21, 25, 30, 34, 40, 43, 173, 49, 52, 57, 188, 60, 62, 190, 194, 195, 69, 71, 75, 203, 83, 84, 85, 220, 94, 96, 101, 104, 105, 113, 116, 120, 121, 124]",C250-9,MS_Degree_K20,0,0,3.185437533,250,external,MS_Degree,N/A,20,20,,MS_Degree
"MS_CTQW(K=5,krylov_m30)",ext_mc_C250-9,maximum_clique,42,0.654130973,193,42,0,0,FALSE,"[130, 5, 8, 11, 143, 16, 19, 147, 149, 21, 150, 25, 30, 160, 34, 35, 40, 45, 49, 179, 182, 183, 186, 194, 201, 74, 75, 83, 84, 85, 217, 90, 227, 228, 101, 104, 110, 241, 247, 120, 124, 125]",C250-9,MS_CTQW_K5_krylov_m30,0,0,1.512120857,250,external,MS_CTQW,krylov_m30,5,5,,MS_CTQW_krylov_m30
"MS_CTQW(K=5,cheb_d50)",ext_mc_C250-9,maximum_clique,42,0.825306873,192,42,0,0,FALSE,"[130, 5, 7, 135, 141, 16, 149, 150, 21, 25, 30, 34, 40, 43, 173, 49, 52, 57, 188, 60, 62, 190, 194, 195, 69, 71, 75, 203, 83, 84, 85, 220, 94, 96, 101, 104, 105, 113, 116, 120, 121, 124]",C250-9,MS_CTQW_K5_cheb_d50,0,0,1.694061946,250,external,MS_CTQW,cheb_d50,5,5,,MS_CTQW_cheb_d50
"MS_CTQW(K=10,krylov_m30)",ext_mc_C250-9,maximum_clique,42,1.212899061,388,42,0,0,FALSE,"[130, 5, 8, 11, 143, 16, 19, 147, 149, 21, 150, 25, 30, 160, 34, 35, 40, 45, 49, 179, 182, 183, 186, 194, 201, 74, 75, 83, 84, 85, 217, 90, 227, 228, 101, 104, 110, 241, 247, 120, 124, 125]",C250-9,MS_CTQW_K10_krylov_m30,0,0,2.094470764,250,external,MS_CTQW,krylov_m30,10,10,,MS_CTQW_krylov_m30
"MS_CTQW(K=10,cheb_d50)",ext_mc_C250-9,maximum_clique,42,1.359019869,389,42,0,0,FALSE,"[130, 5, 7, 135, 141, 16, 149, 150, 21, 25, 30, 34, 40, 43, 173, 49, 52, 57, 188, 60, 62, 190, 194, 195, 69, 71, 75, 203, 83, 84, 85, 220, 94, 96, 101, 104, 105, 113, 116, 120, 121, 124]",C250-9,MS_CTQW_K10_cheb_d50,0,0,2.226340417,250,external,MS_CTQW,cheb_d50,10,10,,MS_CTQW_cheb_d50
"MS_CTQW(K=20,krylov_m30)",ext_mc_C250-9,maximum_clique,42,2.25922528,775,42,0,0,FALSE,"[130, 5, 8, 11, 143, 16, 19, 147, 149, 21, 150, 25, 30, 160, 34, 35, 40, 45, 49, 179, 182, 183, 186, 194, 201, 74, 75, 83, 84, 85, 217, 90, 227, 228, 101, 104, 110, 241, 247, 120, 124, 125]",C250-9,MS_CTQW_K20_krylov_m30,0,0,3.136875262,250,external,MS_CTQW,krylov_m30,20,20,,MS_CTQW_krylov_m30
"MS_CTQW(K=20,cheb_d50)",ext_mc_C250-9,maximum_clique,42,2.634874067,788,42,0,0,FALSE,"[130, 5, 7, 135, 141, 16, 149, 150, 21, 25, 30, 34, 40, 43, 173, 49, 52, 57, 188, 60, 62, 190, 194, 195, 69, 71, 75, 203, 83, 84, 85, 220, 94, 96, 101, 104, 105, 113, 116, 120, 121, 124]",C250-9,MS_CTQW_K20_cheb_d50,0,0,3.555266322,250,external,MS_CTQW,cheb_d50,20,20,,MS_CTQW_cheb_d50
ClassicalClique,ext_mc_C250-9,maximum_clique,42,0.185536415,42,42,0,0,FALSE,"[130, 5, 7, 135, 141, 16, 149, 150, 21, 25, 30, 34, 40, 43, 173, 49, 52, 57, 188, 60, 62, 190, 194, 195, 69, 71, 75, 203, 83, 84, 85, 220, 94, 96, 101, 104, 105, 113, 116, 120, 121, 124]",C250-9,ClassicalClique,1,1,1.112293435,250,external,ClassicalClique,N/A,0,,,ClassicalClique
MS_Random(K=5),ext_mc_C250-9,maximum_clique,41,0.596234528,193,41,0,0,FALSE,"[132, 8, 9, 16, 147, 149, 26, 158, 160, 161, 32, 36, 38, 172, 173, 53, 183, 62, 63, 190, 65, 194, 193, 196, 197, 72, 201, 205, 211, 85, 87, 93, 95, 224, 228, 237, 110, 240, 241, 116, 124]",C250-9,MS_Random_K5,1,1,1.454698246,250,external,MS_Random,N/A,5,5,,MS_Random
MS_Degree(K=5),ext_mc_C250-9,maximum_clique,42,0.648040921,198,42,0,0,FALSE,"[130, 5, 7, 135, 141, 16, 149, 150, 21, 25, 30, 34, 40, 43, 173, 49, 52, 57, 188, 60, 62, 190, 194, 195, 69, 71, 75, 203, 83, 84, 85, 220, 94, 96, 101, 104, 105, 113, 116, 120, 121, 124]",C250-9,MS_Degree_K5,1,1,1.512293948,250,external,MS_Degree,N/A,5,5,,MS_Degree
"MS_CTQW(K=10,cheb_d50)",ext_mc_C1000-9,maximum_clique,60,104.7043257,580,60,0,0,FALSE,"[513, 1, 131, 516, 4, 262, 391, 771, 517, 655, 16, 18, 787, 788, 789, 278, 148, 283, 539, 158, 161, 292, 298, 812, 45, 47, 435, 311, 441, 62, 190, 192, 577, 578, 581, 72, 329, 458, 78, 212, 853, 217, 218, 986, 734, 990, 481, 99, 612, 998, 230, 747, 749, 880, 368, 627, 628, 885, 629, 892]",C1000-9,MS_CTQW_K10_cheb_d50,2,2,105.6557367,1000,external,MS_CTQW,cheb_d50,10,10,,MS_CTQW_cheb_d50
MS_Random(K=10),ext_mc_C250-9,maximum_clique,41,1.166832786,388,41,0,0,FALSE,"[5, 133, 8, 137, 13, 14, 148, 151, 25, 161, 34, 40, 42, 173, 45, 182, 183, 185, 63, 65, 194, 196, 197, 74, 75, 77, 206, 210, 211, 83, 213, 214, 87, 86, 91, 96, 234, 112, 241, 114, 115]",C250-9,MS_Random_K10,1,1,2.047322937,250,external,MS_Random,N/A,10,10,,MS_Random
MS_Degree(K=10),ext_mc_C250-9,maximum_clique,42,1.233139446,397,42,0,0,FALSE,"[130, 5, 7, 135, 141, 16, 149, 150, 21, 25, 30, 34, 40, 43, 173, 49, 52, 57, 188, 60, 62, 190, 194, 195, 69, 71, 75, 203, 83, 84, 85, 220, 94, 96, 101, 104, 105, 113, 116, 120, 121, 124]",C250-9,MS_Degree_K10,1,1,2.088905467,250,external,MS_Degree,N/A,10,10,,MS_Degree
MS_Random(K=20),ext_mc_C250-9,maximum_clique,42,2.363277431,778,42,0,0,FALSE,"[132, 133, 6, 135, 8, 137, 142, 16, 149, 26, 158, 160, 161, 36, 38, 172, 179, 53, 183, 62, 63, 190, 65, 194, 196, 197, 198, 72, 201, 205, 78, 82, 211, 85, 87, 95, 232, 237, 240, 241, 116, 124]",C250-9,MS_Random_K20,1,1,3.249031755,250,external,MS_Random,N/A,20,20,,MS_Random
MS_Degree(K=20),ext_mc_C250-9,maximum_clique,42,2.306383036,778,42,0,0,FALSE,"[130, 5, 7, 135, 141, 16, 149, 150, 21, 25, 30, 34, 40, 43, 173, 49, 52, 57, 188, 60, 62, 190, 194, 195, 69, 71, 75, 203, 83, 84, 85, 220, 94, 96, 101, 104, 105, 113, 116, 120, 121, 124]",C250-9,MS_Degree_K20,1,1,3.176847047,250,external,MS_Degree,N/A,20,20,,MS_Degree
"MS_CTQW(K=5,krylov_m30)",ext_mc_C250-9,maximum_clique,42,0.779128526,193,42,0,0,FALSE,"[130, 5, 8, 11, 143, 16, 19, 147, 149, 21, 150, 25, 30, 160, 34, 35, 40, 45, 49, 179, 182, 183, 186, 194, 201, 74, 75, 83, 84, 85, 217, 90, 227, 228, 101, 104, 110, 241, 247, 120, 124, 125]",C250-9,MS_CTQW_K5_krylov_m30,1,1,1.640933349,250,external,MS_CTQW,krylov_m30,5,5,,MS_CTQW_krylov_m30
"MS_CTQW(K=5,cheb_d50)",ext_mc_C250-9,maximum_clique,42,0.810698065,192,42,0,0,FALSE,"[130, 5, 7, 135, 141, 16, 149, 150, 21, 25, 30, 34, 40, 43, 173, 49, 52, 57, 188, 60, 62, 190, 194, 195, 69, 71, 75, 203, 83, 84, 85, 220, 94, 96, 101, 104, 105, 113, 116, 120, 121, 124]",C250-9,MS_CTQW_K5_cheb_d50,1,1,1.735795388,250,external,MS_CTQW,cheb_d50,5,5,,MS_CTQW_cheb_d50
"MS_CTQW(K=10,krylov_m30)",ext_mc_C250-9,maximum_clique,42,1.400055334,388,42,0,0,FALSE,"[130, 5, 8, 11, 143, 16, 19, 147, 149, 21, 150, 25, 30, 160, 34, 35, 40, 45, 49, 179, 182, 183, 186, 194, 201, 74, 75, 83, 84, 85, 217, 90, 227, 228, 101, 104, 110, 241, 247, 120, 124, 125]",C250-9,MS_CTQW_K10_krylov_m30,1,1,2.265705295,250,external,MS_CTQW,krylov_m30,10,10,,MS_CTQW_krylov_m30
"MS_CTQW(K=10,cheb_d50)",ext_mc_C250-9,maximum_clique,42,1.57276298,389,42,0,0,FALSE,"[130, 5, 7, 135, 141, 16, 149, 150, 21, 25, 30, 34, 40, 43, 173, 49, 52, 57, 188, 60, 62, 190, 194, 195, 69, 71, 75, 203, 83, 84, 85, 220, 94, 96, 101, 104, 105, 113, 116, 120, 121, 124]",C250-9,MS_CTQW_K10_cheb_d50,1,1,2.552931309,250,external,MS_CTQW,cheb_d50,10,10,,MS_CTQW_cheb_d50
"MS_CTQW(K=20,krylov_m30)",ext_mc_C250-9,maximum_clique,42,2.452248681,775,42,0,0,FALSE,"[130, 5, 8, 11, 143, 16, 19, 147, 149, 21, 150, 25, 30, 160, 34, 35, 40, 45, 49, 179, 182, 183, 186, 194, 201, 74, 75, 83, 84, 85, 217, 90, 227, 228, 101, 104, 110, 241, 247, 120, 124, 125]",C250-9,MS_CTQW_K20_krylov_m30,1,1,3.366131429,250,external,MS_CTQW,krylov_m30,20,20,,MS_CTQW_krylov_m30
"MS_CTQW(K=20,cheb_d50)",ext_mc_C250-9,maximum_clique,42,2.554799948,788,42,0,0,FALSE,"[130, 5, 7, 135, 141, 16, 149, 150, 21, 25, 30, 34, 40, 43, 173, 49, 52, 57, 188, 60, 62, 190, 194, 195, 69, 71, 75, 203, 83, 84, 85, 220, 94, 96, 101, 104, 105, 113, 116, 120, 121, 124]",C250-9,MS_CTQW_K20_cheb_d50,1,1,3.427941554,250,external,MS_CTQW,cheb_d50,20,20,,MS_CTQW_cheb_d50
ClassicalClique,ext_mc_C250-9,maximum_clique,42,0.183601676,42,42,0,0,FALSE,"[130, 5, 7, 135, 141, 16, 149, 150, 21, 25, 30, 34, 40, 43, 173, 49, 52, 57, 188, 60, 62, 190, 194, 195, 69, 71, 75, 203, 83, 84, 85, 220, 94, 96, 101, 104, 105, 113, 116, 120, 121, 124]",C250-9,ClassicalClique,2,2,1.031553259,250,external,ClassicalClique,N/A,0,,,ClassicalClique
MS_Degree(K=20),ext_mc_C1000-9,maximum_clique,60,208.2997728,1157,60,0,0,FALSE,"[513, 1, 131, 516, 4, 262, 391, 771, 517, 655, 16, 18, 787, 788, 789, 278, 148, 283, 539, 158, 161, 292, 298, 812, 45, 47, 435, 311, 441, 62, 190, 192, 577, 578, 581, 72, 329, 458, 78, 212, 853, 217, 218, 986, 734, 990, 481, 99, 612, 998, 230, 747, 749, 880, 368, 627, 628, 885, 629, 892]",C1000-9,MS_Degree_K20,2,2,209.2948603,1000,external,MS_Degree,N/A,20,20,,MS_Degree
MS_Random(K=5),ext_mc_C250-9,maximum_clique,40,0.616663334,191,40,0,0,FALSE,"[128, 130, 137, 11, 16, 147, 19, 149, 23, 154, 27, 158, 160, 32, 34, 164, 38, 166, 40, 43, 44, 45, 190, 62, 195, 196, 69, 73, 75, 82, 211, 210, 85, 213, 84, 96, 101, 107, 116, 124]",C250-9,MS_Random_K5,2,2,1.513085806,250,external,MS_Random,N/A,5,5,,MS_Random
MS_Degree(K=5),ext_mc_C250-9,maximum_clique,42,0.665537289,198,42,0,0,FALSE,"[130, 5, 7, 135, 141, 16, 149, 150, 21, 25, 30, 34, 40, 43, 173, 49, 52, 57, 188, 60, 62, 190, 194, 195, 69, 71, 75, 203, 83, 84, 85, 220, 94, 96, 101, 104, 105, 113, 116, 120, 121, 124]",C250-9,MS_Degree_K5,2,2,1.508215288,250,external,MS_Degree,N/A,5,5,,MS_Degree
MS_Random(K=10),ext_mc_C250-9,maximum_clique,42,1.21475191,386,42,0,0,FALSE,"[130, 5, 7, 135, 141, 16, 149, 150, 21, 25, 30, 34, 40, 43, 173, 49, 52, 57, 188, 60, 62, 190, 194, 195, 69, 71, 75, 203, 83, 84, 85, 220, 94, 96, 101, 104, 105, 113, 116, 120, 121, 124]",C250-9,MS_Random_K10,2,2,2.114671178,250,external,MS_Random,N/A,10,10,,MS_Random
MS_Degree(K=10),ext_mc_C250-9,maximum_clique,42,1.225439889,397,42,0,0,FALSE,"[130, 5, 7, 135, 141, 16, 149, 150, 21, 25, 30, 34, 40, 43, 173, 49, 52, 57, 188, 60, 62, 190, 194, 195, 69, 71, 75, 203, 83, 84, 85, 220, 94, 96, 101, 104, 105, 113, 116, 120, 121, 124]",C250-9,MS_Degree_K10,2,2,2.148736073,250,external,MS_Degree,N/A,10,10,,MS_Degree
MS_Random(K=20),ext_mc_C250-9,maximum_clique,44,2.474575977,781,44,0,0,FALSE,"[3, 5, 143, 16, 149, 150, 24, 158, 159, 40, 45, 48, 49, 52, 182, 56, 57, 184, 186, 189, 63, 193, 197, 198, 71, 201, 208, 83, 84, 85, 217, 220, 224, 96, 225, 227, 229, 101, 104, 105, 240, 241, 116, 124]",C250-9,MS_Random_K20,2,2,3.413315987,250,external,MS_Random,N/A,20,20,,MS_Random
"MS_CTQW(K=5,krylov_m30)",ext_mc_C250-9,maximum_clique,42,0.702431851,193,42,0,0,FALSE,"[130, 5, 8, 11, 143, 16, 19, 147, 149, 21, 150, 25, 30, 160, 34, 35, 40, 45, 49, 179, 182, 183, 186, 194, 201, 74, 75, 83, 84, 85, 217, 90, 227, 228, 101, 104, 110, 241, 247, 120, 124, 125]",C250-9,MS_CTQW_K5_krylov_m30,2,2,1.592849133,250,external,MS_CTQW,krylov_m30,5,5,,MS_CTQW_krylov_m30
MS_Degree(K=20),ext_mc_C250-9,maximum_clique,42,2.480238414,778,42,0,0,FALSE,"[130, 5, 7, 135, 141, 16, 149, 150, 21, 25, 30, 34, 40, 43, 173, 49, 52, 57, 188, 60, 62, 190, 194, 195, 69, 71, 75, 203, 83, 84, 85, 220, 94, 96, 101, 104, 105, 113, 116, 120, 121, 124]",C250-9,MS_Degree_K20,2,2,3.356900556,250,external,MS_Degree,N/A,20,20,,MS_Degree
"MS_CTQW(K=5,cheb_d50)",ext_mc_C250-9,maximum_clique,42,0.974834335,192,42,0,0,FALSE,"[130, 5, 7, 135, 141, 16, 149, 150, 21, 25, 30, 34, 40, 43, 173, 49, 52, 57, 188, 60, 62, 190, 194, 195, 69, 71, 75, 203, 83, 84, 85, 220, 94, 96, 101, 104, 105, 113, 116, 120, 121, 124]",C250-9,MS_CTQW_K5_cheb_d50,2,2,1.96737665,250,external,MS_CTQW,cheb_d50,5,5,,MS_CTQW_cheb_d50
"MS_CTQW(K=10,krylov_m30)",ext_mc_C250-9,maximum_clique,42,1.354497183,388,42,0,0,FALSE,"[130, 5, 8, 11, 143, 16, 19, 147, 149, 21, 150, 25, 30, 160, 34, 35, 40, 45, 49, 179, 182, 183, 186, 194, 201, 74, 75, 83, 84, 85, 217, 90, 227, 228, 101, 104, 110, 241, 247, 120, 124, 125]",C250-9,MS_CTQW_K10_krylov_m30,2,2,2.222396327,250,external,MS_CTQW,krylov_m30,10,10,,MS_CTQW_krylov_m30
"MS_CTQW(K=10,cheb_d50)",ext_mc_C250-9,maximum_clique,42,1.81411964,389,42,0,0,FALSE,"[130, 5, 7, 135, 141, 16, 149, 150, 21, 25, 30, 34, 40, 43, 173, 49, 52, 57, 188, 60, 62, 190, 194, 195, 69, 71, 75, 203, 83, 84, 85, 220, 94, 96, 101, 104, 105, 113, 116, 120, 121, 124]",C250-9,MS_CTQW_K10_cheb_d50,2,2,2.708070027,250,external,MS_CTQW,cheb_d50,10,10,,MS_CTQW_cheb_d50
ClassicalClique,ext_mc_gen200-p0-9-44,maximum_clique,35,0.113479317,35,35,0,0,FALSE,"[128, 1, 2, 132, 137, 139, 14, 15, 16, 18, 22, 24, 25, 26, 160, 162, 165, 43, 173, 48, 49, 177, 51, 176, 66, 68, 69, 198, 73, 74, 75, 85, 87, 124, 125]",gen200-p0-9-44,ClassicalClique,0,0,0.986704885,200,external,ClassicalClique,N/A,0,,,ClassicalClique
"MS_CTQW(K=20,krylov_m30)",ext_mc_C250-9,maximum_clique,42,2.542621765,775,42,0,0,FALSE,"[130, 5, 8, 11, 143, 16, 19, 147, 149, 21, 150, 25, 30, 160, 34, 35, 40, 45, 49, 179, 182, 183, 186, 194, 201, 74, 75, 83, 84, 85, 217, 90, 227, 228, 101, 104, 110, 241, 247, 120, 124, 125]",C250-9,MS_CTQW_K20_krylov_m30,2,2,3.543539463,250,external,MS_CTQW,krylov_m30,20,20,,MS_CTQW_krylov_m30
"MS_CTQW(K=20,cheb_d50)",ext_mc_C250-9,maximum_clique,42,2.642874818,788,42,0,0,FALSE,"[130, 5, 7, 135, 141, 16, 149, 150, 21, 25, 30, 34, 40, 43, 173, 49, 52, 57, 188, 60, 62, 190, 194, 195, 69, 71, 75, 203, 83, 84, 85, 220, 94, 96, 101, 104, 105, 113, 116, 120, 121, 124]",C250-9,MS_CTQW_K20_cheb_d50,2,2,3.760357074,250,external,MS_CTQW,cheb_d50,20,20,,MS_CTQW_cheb_d50
MS_Random(K=5),ext_mc_gen200-p0-9-44,maximum_clique,38,0.369090642,177,38,0,0,FALSE,"[1, 132, 5, 6, 135, 139, 13, 144, 145, 16, 22, 26, 154, 155, 161, 173, 46, 174, 48, 49, 175, 184, 58, 64, 198, 71, 76, 85, 89, 90, 94, 105, 107, 115, 118, 121, 125, 126]",gen200-p0-9-44,MS_Random_K5,0,0,1.192322034,200,external,MS_Random,N/A,5,5,,MS_Random
MS_Degree(K=5),ext_mc_gen200-p0-9-44,maximum_clique,38,0.415616712,174,38,0,0,FALSE,"[1, 132, 5, 6, 135, 139, 13, 144, 145, 16, 22, 26, 154, 155, 161, 173, 46, 174, 48, 49, 175, 184, 58, 64, 198, 71, 76, 85, 89, 90, 94, 105, 107, 115, 118, 121, 125, 126]",gen200-p0-9-44,MS_Degree_K5,0,0,1.247671433,200,external,MS_Degree,N/A,5,5,,MS_Degree
MS_Random(K=10),ext_mc_gen200-p0-9-44,maximum_clique,37,0.736110122,354,37,0,0,FALSE,"[1, 2, 132, 4, 136, 137, 140, 142, 15, 144, 143, 18, 20, 22, 24, 26, 162, 38, 172, 173, 48, 49, 177, 51, 176, 184, 68, 69, 198, 74, 85, 87, 94, 103, 116, 124, 125]",gen200-p0-9-44,MS_Random_K10,0,0,1.560050971,200,external,MS_Random,N/A,10,10,,MS_Random
MS_Degree(K=10),ext_mc_gen200-p0-9-44,maximum_clique,38,0.759421898,352,38,0,0,FALSE,"[1, 132, 5, 6, 135, 139, 13, 144, 145, 16, 22, 26, 154, 155, 161, 173, 46, 174, 48, 49, 175, 184, 58, 64, 198, 71, 76, 85, 89, 90, 94, 105, 107, 115, 118, 121, 125, 126]",gen200-p0-9-44,MS_Degree_K10,0,0,1.665019413,200,external,MS_Degree,N/A,10,10,,MS_Degree
MS_Random(K=20),ext_mc_gen200-p0-9-44,maximum_clique,38,1.401410997,707,38,0,0,FALSE,"[1, 132, 5, 6, 135, 139, 13, 144, 145, 16, 22, 26, 154, 155, 161, 173, 46, 174, 48, 49, 175, 184, 58, 64, 198, 71, 76, 85, 89, 90, 94, 105, 107, 115, 118, 121, 125, 126]",gen200-p0-9-44,MS_Random_K20,0,0,2.244294969,200,external,MS_Random,N/A,20,20,,MS_Random
"MS_CTQW(K=5,krylov_m30)",ext_mc_gen200-p0-9-44,maximum_clique,37,0.453810838,173,37,0,0,FALSE,"[128, 1, 132, 133, 6, 135, 4, 144, 16, 19, 22, 26, 155, 156, 154, 161, 34, 39, 44, 174, 175, 48, 49, 177, 55, 58, 64, 68, 198, 76, 85, 98, 107, 118, 121, 125, 126]",gen200-p0-9-44,MS_CTQW_K5_krylov_m30,0,0,1.249397521,200,external,MS_CTQW,krylov_m30,5,5,,MS_CTQW_krylov_m30
MS_Degree(K=20),ext_mc_gen200-p0-9-44,maximum_clique,38,1.450399893,704,38,0,0,FALSE,"[1, 132, 5, 6, 135, 139, 13, 144, 145, 16, 22, 26, 154, 155, 161, 173, 46, 174, 48, 49, 175, 184, 58, 64, 198, 71, 76, 85, 89, 90, 94, 105, 107, 115, 118, 121, 125, 126]",gen200-p0-9-44,MS_Degree_K20,0,0,2.255049517,200,external,MS_Degree,N/A,20,20,,MS_Degree
"MS_CTQW(K=5,cheb_d50)",ext_mc_gen200-p0-9-44,maximum_clique,37,0.820290543,174,37,0,0,FALSE,"[128, 1, 132, 133, 6, 135, 4, 144, 16, 19, 22, 26, 155, 156, 154, 161, 34, 39, 44, 174, 175, 48, 49, 177, 55, 58, 64, 68, 198, 76, 85, 98, 107, 118, 121, 125, 126]",gen200-p0-9-44,MS_CTQW_K5_cheb_d50,0,0,1.634542124,200,external,MS_CTQW,cheb_d50,5,5,,MS_CTQW_cheb_d50
"MS_CTQW(K=10,krylov_m30)",ext_mc_gen200-p0-9-44,maximum_clique,37,0.896800826,348,37,0,0,FALSE,"[128, 1, 132, 133, 6, 135, 4, 144, 16, 19, 22, 26, 155, 156, 154, 161, 34, 39, 44, 174, 175, 48, 49, 177, 55, 58, 64, 68, 198, 76, 85, 98, 107, 118, 121, 125, 126]",gen200-p0-9-44,MS_CTQW_K10_krylov_m30,0,0,1.821645086,200,external,MS_CTQW,krylov_m30,10,10,,MS_CTQW_krylov_m30
"MS_CTQW(K=10,cheb_d50)",ext_mc_gen200-p0-9-44,maximum_clique,38,1.166825986,349,38,0,0,FALSE,"[1, 132, 5, 6, 135, 139, 13, 144, 145, 16, 22, 26, 154, 155, 161, 173, 46, 174, 48, 49, 175, 184, 58, 64, 198, 71, 76, 85, 89, 90, 94, 105, 107, 115, 118, 121, 125, 126]",gen200-p0-9-44,MS_CTQW_K10_cheb_d50,0,0,2.117082203,200,external,MS_CTQW,cheb_d50,10,10,,MS_CTQW_cheb_d50
"MS_CTQW(K=20,krylov_m30)",ext_mc_gen200-p0-9-44,maximum_clique,38,1.463222722,705,38,0,0,FALSE,"[1, 132, 5, 6, 135, 139, 13, 144, 145, 16, 22, 26, 154, 155, 161, 173, 46, 174, 48, 49, 175, 184, 58, 64, 198, 71, 76, 85, 89, 90, 94, 105, 107, 115, 118, 121, 125, 126]",gen200-p0-9-44,MS_CTQW_K20_krylov_m30,0,0,2.384639008,200,external,MS_CTQW,krylov_m30,20,20,,MS_CTQW_krylov_m30
ClassicalClique,ext_mc_gen200-p0-9-44,maximum_clique,35,0.123051994,35,35,0,0,FALSE,"[128, 1, 2, 132, 137, 139, 14, 15, 16, 18, 22, 24, 25, 26, 160, 162, 165, 43, 173, 48, 49, 177, 51, 176, 66, 68, 69, 198, 73, 74, 75, 85, 87, 124, 125]",gen200-p0-9-44,ClassicalClique,1,1,1.071821606,200,external,ClassicalClique,N/A,0,,,ClassicalClique
"MS_CTQW(K=20,cheb_d50)",ext_mc_gen200-p0-9-44,maximum_clique,38,1.602547451,704,38,0,0,FALSE,"[1, 132, 5, 6, 135, 139, 13, 144, 145, 16, 22, 26, 154, 155, 161, 173, 46, 174, 48, 49, 175, 184, 58, 64, 198, 71, 76, 85, 89, 90, 94, 105, 107, 115, 118, 121, 125, 126]",gen200-p0-9-44,MS_CTQW_K20_cheb_d50,0,0,2.478978202,200,external,MS_CTQW,cheb_d50,20,20,,MS_CTQW_cheb_d50
MS_Random(K=5),ext_mc_gen200-p0-9-44,maximum_clique,38,0.402178756,177,38,0,0,FALSE,"[1, 132, 5, 6, 135, 139, 13, 144, 145, 16, 22, 26, 154, 155, 161, 173, 46, 174, 48, 49, 175, 184, 58, 64, 198, 71, 76, 85, 89, 90, 94, 105, 107, 115, 118, 121, 125, 126]",gen200-p0-9-44,MS_Random_K5,1,1,1.292451606,200,external,MS_Random,N/A,5,5,,MS_Random
MS_Degree(K=5),ext_mc_gen200-p0-9-44,maximum_clique,38,0.394493648,174,38,0,0,FALSE,"[1, 132, 5, 6, 135, 139, 13, 144, 145, 16, 22, 26, 154, 155, 161, 173, 46, 174, 48, 49, 175, 184, 58, 64, 198, 71, 76, 85, 89, 90, 94, 105, 107, 115, 118, 121, 125, 126]",gen200-p0-9-44,MS_Degree_K5,1,1,1.245496521,200,external,MS_Degree,N/A,5,5,,MS_Degree
MS_Random(K=10),ext_mc_gen200-p0-9-44,maximum_clique,38,0.771208496,362,38,0,0,FALSE,"[1, 132, 5, 6, 135, 139, 13, 144, 145, 16, 22, 26, 154, 155, 161, 173, 46, 174, 48, 49, 175, 184, 58, 64, 198, 71, 76, 85, 89, 90, 94, 105, 107, 115, 118, 121, 125, 126]",gen200-p0-9-44,MS_Random_K10,1,1,1.660220714,200,external,MS_Random,N/A,10,10,,MS_Random
MS_Degree(K=10),ext_mc_gen200-p0-9-44,maximum_clique,38,0.728560166,352,38,0,0,FALSE,"[1, 132, 5, 6, 135, 139, 13, 144, 145, 16, 22, 26, 154, 155, 161, 173, 46, 174, 48, 49, 175, 184, 58, 64, 198, 71, 76, 85, 89, 90, 94, 105, 107, 115, 118, 121, 125, 126]",gen200-p0-9-44,MS_Degree_K10,1,1,1.556321163,200,external,MS_Degree,N/A,10,10,,MS_Degree
MS_Random(K=20),ext_mc_gen200-p0-9-44,maximum_clique,39,1.390483107,701,39,0,0,FALSE,"[128, 1, 2, 132, 137, 141, 15, 145, 18, 19, 148, 149, 22, 23, 24, 154, 26, 46, 175, 48, 49, 176, 51, 177, 179, 186, 189, 62, 69, 198, 73, 75, 85, 95, 108, 116, 122, 124, 125]",gen200-p0-9-44,MS_Random_K20,1,1,2.272280541,200,external,MS_Random,N/A,20,20,,MS_Random
"MS_CTQW(K=5,krylov_m30)",ext_mc_gen200-p0-9-44,maximum_clique,37,0.416081726,173,37,0,0,FALSE,"[128, 1, 132, 133, 6, 135, 4, 144, 16, 19, 22, 26, 155, 156, 154, 161, 34, 39, 44, 174, 175, 48, 49, 177, 55, 58, 64, 68, 198, 76, 85, 98, 107, 118, 121, 125, 126]",gen200-p0-9-44,MS_CTQW_K5_krylov_m30,1,1,1.209889891,200,external,MS_CTQW,krylov_m30,5,5,,MS_CTQW_krylov_m30
MS_Degree(K=20),ext_mc_gen200-p0-9-44,maximum_clique,38,1.512616071,704,38,0,0,FALSE,"[1, 132, 5, 6, 135, 139, 13, 144, 145, 16, 22, 26, 154, 155, 161, 173, 46, 174, 48, 49, 175, 184, 58, 64, 198, 71, 76, 85, 89, 90, 94, 105, 107, 115, 118, 121, 125, 126]",gen200-p0-9-44,MS_Degree_K20,1,1,2.333851804,200,external,MS_Degree,N/A,20,20,,MS_Degree
"MS_CTQW(K=5,cheb_d50)",ext_mc_gen200-p0-9-44,maximum_clique,37,0.704570193,174,37,0,0,FALSE,"[128, 1, 132, 133, 6, 135, 4, 144, 16, 19, 22, 26, 155, 156, 154, 161, 34, 39, 44, 174, 175, 48, 49, 177, 55, 58, 64, 68, 198, 76, 85, 98, 107, 118, 121, 125, 126]",gen200-p0-9-44,MS_CTQW_K5_cheb_d50,1,1,1.574589228,200,external,MS_CTQW,cheb_d50,5,5,,MS_CTQW_cheb_d50
"MS_CTQW(K=10,krylov_m30)",ext_mc_gen200-p0-9-44,maximum_clique,37,0.838658308,348,37,0,0,FALSE,"[128, 1, 132, 133, 6, 135, 4, 144, 16, 19, 22, 26, 155, 156, 154, 161, 34, 39, 44, 174, 175, 48, 49, 177, 55, 58, 64, 68, 198, 76, 85, 98, 107, 118, 121, 125, 126]",gen200-p0-9-44,MS_CTQW_K10_krylov_m30,1,1,1.81519816,200,external,MS_CTQW,krylov_m30,10,10,,MS_CTQW_krylov_m30
"MS_CTQW(K=10,cheb_d50)",ext_mc_gen200-p0-9-44,maximum_clique,38,1.138207547,349,38,0,0,FALSE,"[1, 132, 5, 6, 135, 139, 13, 144, 145, 16, 22, 26, 154, 155, 161, 173, 46, 174, 48, 49, 175, 184, 58, 64, 198, 71, 76, 85, 89, 90, 94, 105, 107, 115, 118, 121, 125, 126]",gen200-p0-9-44,MS_CTQW_K10_cheb_d50,1,1,2.106567216,200,external,MS_CTQW,cheb_d50,10,10,,MS_CTQW_cheb_d50
"MS_CTQW(K=20,krylov_m30)",ext_mc_gen200-p0-9-44,maximum_clique,38,1.479627958,705,38,0,0,FALSE,"[1, 132, 5, 6, 135, 139, 13, 144, 145, 16, 22, 26, 154, 155, 161, 173, 46, 174, 48, 49, 175, 184, 58, 64, 198, 71, 76, 85, 89, 90, 94, 105, 107, 115, 118, 121, 125, 126]",gen200-p0-9-44,MS_CTQW_K20_krylov_m30,1,1,2.523181278,200,external,MS_CTQW,krylov_m30,20,20,,MS_CTQW_krylov_m30
ClassicalClique,ext_mc_gen200-p0-9-44,maximum_clique,35,0.122915122,35,35,0,0,FALSE,"[128, 1, 2, 132, 137, 139, 14, 15, 16, 18, 22, 24, 25, 26, 160, 162, 165, 43, 173, 48, 49, 177, 51, 176, 66, 68, 69, 198, 73, 74, 75, 85, 87, 124, 125]",gen200-p0-9-44,ClassicalClique,2,2,0.982316931,200,external,ClassicalClique,N/A,0,,,ClassicalClique
"MS_CTQW(K=20,cheb_d50)",ext_mc_gen200-p0-9-44,maximum_clique,38,1.725531354,704,38,0,0,FALSE,"[1, 132, 5, 6, 135, 139, 13, 144, 145, 16, 22, 26, 154, 155, 161, 173, 46, 174, 48, 49, 175, 184, 58, 64, 198, 71, 76, 85, 89, 90, 94, 105, 107, 115, 118, 121, 125, 126]",gen200-p0-9-44,MS_CTQW_K20_cheb_d50,1,1,2.54814755,200,external,MS_CTQW,cheb_d50,20,20,,MS_CTQW_cheb_d50
MS_Random(K=5),ext_mc_gen200-p0-9-44,maximum_clique,37,0.395073144,177,37,0,0,FALSE,"[1, 4, 133, 137, 140, 13, 12, 143, 148, 22, 23, 155, 28, 165, 171, 48, 49, 178, 51, 179, 58, 59, 189, 64, 192, 194, 68, 198, 71, 76, 81, 85, 87, 106, 122, 125, 126]",gen200-p0-9-44,MS_Random_K5,2,2,1.250998117,200,external,MS_Random,N/A,5,5,,MS_Random
MS_Degree(K=5),ext_mc_gen200-p0-9-44,maximum_clique,38,0.376494516,174,38,0,0,FALSE,"[1, 132, 5, 6, 135, 139, 13, 144, 145, 16, 22, 26, 154, 155, 161, 173, 46, 174, 48, 49, 175, 184, 58, 64, 198, 71, 76, 85, 89, 90, 94, 105, 107, 115, 118, 121, 125, 126]",gen200-p0-9-44,MS_Degree_K5,2,2,1.227386109,200,external,MS_Degree,N/A,5,5,,MS_Degree
MS_Random(K=10),ext_mc_gen200-p0-9-44,maximum_clique,38,0.745443666,353,38,0,0,FALSE,"[128, 1, 134, 135, 142, 143, 18, 19, 149, 22, 155, 28, 161, 44, 173, 48, 49, 178, 51, 176, 59, 62, 192, 64, 66, 68, 69, 198, 71, 73, 74, 76, 81, 85, 87, 98, 121, 125]",gen200-p0-9-44,MS_Random_K10,2,2,1.52425945,200,external,MS_Random,N/A,10,10,,MS_Random
MS_Degree(K=10),ext_mc_gen200-p0-9-44,maximum_clique,38,0.727249112,352,38,0,0,FALSE,"[1, 132, 5, 6, 135, 139, 13, 144, 145, 16, 22, 26, 154, 155, 161, 173, 46, 174, 48, 49, 175, 184, 58, 64, 198, 71, 76, 85, 89, 90, 94, 105, 107, 115, 118, 121, 125, 126]",gen200-p0-9-44,MS_Degree_K10,2,2,1.538895157,200,external,MS_Degree,N/A,10,10,,MS_Degree
MS_Random(K=20),ext_mc_gen200-p0-9-44,maximum_clique,39,1.386228545,704,39,0,0,FALSE,"[128, 1, 2, 130, 132, 7, 137, 141, 142, 15, 145, 18, 19, 148, 149, 24, 154, 37, 46, 47, 48, 49, 176, 51, 177, 175, 54, 179, 62, 192, 66, 69, 198, 75, 85, 95, 122, 124, 125]",gen200-p0-9-44,MS_Random_K20,2,2,2.283791988,200,external,MS_Random,N/A,20,20,,MS_Random
"MS_CTQW(K=5,krylov_m30)",ext_mc_gen200-p0-9-44,maximum_clique,37,0.415756303,173,37,0,0,FALSE,"[128, 1, 132, 133, 6, 135, 4, 144, 16, 19, 22, 26, 155, 156, 154, 161, 34, 39, 44, 174, 175, 48, 49, 177, 55, 58, 64, 68, 198, 76, 85, 98, 107, 118, 121, 125, 126]",gen200-p0-9-44,MS_CTQW_K5_krylov_m30,2,2,1.210775331,200,external,MS_CTQW,krylov_m30,5,5,,MS_CTQW_krylov_m30
MS_Degree(K=20),ext_mc_gen200-p0-9-44,maximum_clique,38,1.432767465,704,38,0,0,FALSE,"[1, 132, 5, 6, 135, 139, 13, 144, 145, 16, 22, 26, 154, 155, 161, 173, 46, 174, 48, 49, 175, 184, 58, 64, 198, 71, 76, 85, 89, 90, 94, 105, 107, 115, 118, 121, 125, 126]",gen200-p0-9-44,MS_Degree_K20,2,2,2.227958633,200,external,MS_Degree,N/A,20,20,,MS_Degree
"MS_CTQW(K=5,cheb_d50)",ext_mc_gen200-p0-9-44,maximum_clique,37,0.676762182,174,37,0,0,FALSE,"[128, 1, 132, 133, 6, 135, 4, 144, 16, 19, 22, 26, 155, 156, 154, 161, 34, 39, 44, 174, 175, 48, 49, 177, 55, 58, 64, 68, 198, 76, 85, 98, 107, 118, 121, 125, 126]",gen200-p0-9-44,MS_CTQW_K5_cheb_d50,2,2,1.515794024,200,external,MS_CTQW,cheb_d50,5,5,,MS_CTQW_cheb_d50
"MS_CTQW(K=10,krylov_m30)",ext_mc_gen200-p0-9-44,maximum_clique,37,0.865845323,348,37,0,0,FALSE,"[128, 1, 132, 133, 6, 135, 4, 144, 16, 19, 22, 26, 155, 156, 154, 161, 34, 39, 44, 174, 175, 48, 49, 177, 55, 58, 64, 68, 198, 76, 85, 98, 107, 118, 121, 125, 126]",gen200-p0-9-44,MS_CTQW_K10_krylov_m30,2,2,1.83982943,200,external,MS_CTQW,krylov_m30,10,10,,MS_CTQW_krylov_m30
"MS_CTQW(K=10,cheb_d50)",ext_mc_gen200-p0-9-44,maximum_clique,38,1.07129612,349,38,0,0,FALSE,"[1, 132, 5, 6, 135, 139, 13, 144, 145, 16, 22, 26, 154, 155, 161, 173, 46, 174, 48, 49, 175, 184, 58, 64, 198, 71, 76, 85, 89, 90, 94, 105, 107, 115, 118, 121, 125, 126]",gen200-p0-9-44,MS_CTQW_K10_cheb_d50,2,2,2.034525957,200,external,MS_CTQW,cheb_d50,10,10,,MS_CTQW_cheb_d50
ClassicalClique,ext_mc_p-hat300-3,maximum_clique,32,0.172881868,32,32,0,0,FALSE,"[130, 3, 132, 262, 267, 272, 17, 148, 20, 152, 27, 158, 32, 289, 39, 296, 297, 298, 48, 55, 189, 74, 75, 204, 225, 97, 234, 238, 239, 118, 246, 254]",p-hat300-3,ClassicalClique,0,0,1.103545056,300,external,ClassicalClique,N/A,0,,,ClassicalClique
"MS_CTQW(K=20,krylov_m30)",ext_mc_gen200-p0-9-44,maximum_clique,38,1.550850858,705,38,0,0,FALSE,"[1, 132, 5, 6, 135, 139, 13, 144, 145, 16, 22, 26, 154, 155, 161, 173, 46, 174, 48, 49, 175, 184, 58, 64, 198, 71, 76, 85, 89, 90, 94, 105, 107, 115, 118, 121, 125, 126]",gen200-p0-9-44,MS_CTQW_K20_krylov_m30,2,2,2.491866341,200,external,MS_CTQW,krylov_m30,20,20,,MS_CTQW_krylov_m30
"MS_CTQW(K=20,cheb_d50)",ext_mc_gen200-p0-9-44,maximum_clique,38,1.887885686,704,38,0,0,FALSE,"[1, 132, 5, 6, 135, 139, 13, 144, 145, 16, 22, 26, 154, 155, 161, 173, 46, 174, 48, 49, 175, 184, 58, 64, 198, 71, 76, 85, 89, 90, 94, 105, 107, 115, 118, 121, 125, 126]",gen200-p0-9-44,MS_CTQW_K20_cheb_d50,2,2,2.810602483,200,external,MS_CTQW,cheb_d50,20,20,,MS_CTQW_cheb_d50
MS_Random(K=5),ext_mc_p-hat300-3,maximum_clique,32,0.630906448,152,32,0,0,FALSE,"[130, 3, 132, 262, 267, 272, 17, 148, 20, 152, 27, 158, 32, 289, 39, 296, 297, 298, 48, 55, 189, 74, 75, 204, 225, 97, 234, 238, 239, 118, 246, 254]",p-hat300-3,MS_Random_K5,0,0,1.508220197,300,external,MS_Random,N/A,5,5,,MS_Random
MS_Degree(K=5),ext_mc_p-hat300-3,maximum_clique,33,0.64097046,157,33,0,0,FALSE,"[258, 138, 271, 272, 273, 20, 148, 152, 25, 280, 27, 158, 32, 37, 165, 39, 295, 298, 171, 173, 47, 48, 178, 55, 189, 74, 75, 204, 97, 109, 238, 251, 254]",p-hat300-3,MS_Degree_K5,0,0,1.568725109,300,external,MS_Degree,N/A,5,5,,MS_Degree
MS_Random(K=10),ext_mc_p-hat300-3,maximum_clique,32,1.068254009,290,32,0,0,FALSE,"[258, 6, 138, 273, 20, 148, 279, 25, 27, 158, 162, 37, 165, 295, 39, 171, 47, 48, 178, 196, 74, 75, 204, 207, 218, 97, 106, 243, 119, 249, 251, 254]",p-hat300-3,MS_Random_K10,0,0,1.953361438,300,external,MS_Random,N/A,10,10,,MS_Random
MS_Degree(K=10),ext_mc_p-hat300-3,maximum_clique,34,1.249765525,312,34,0,0,FALSE,"[258, 3, 260, 137, 267, 18, 19, 20, 148, 286, 289, 164, 37, 292, 36, 42, 298, 47, 48, 176, 55, 189, 198, 75, 204, 78, 88, 90, 238, 245, 118, 246, 250, 254]",p-hat300-3,MS_Degree_K10,0,0,2.091749947,300,external,MS_Degree,N/A,10,10,,MS_Degree
MS_Random(K=20),ext_mc_p-hat300-3,maximum_clique,34,2.272408312,600,34,0,0,FALSE,"[259, 261, 134, 267, 144, 18, 148, 21, 23, 286, 289, 164, 37, 39, 296, 297, 173, 48, 55, 58, 189, 196, 198, 74, 75, 78, 86, 88, 220, 97, 225, 236, 246, 254]",p-hat300-3,MS_Random_K20,0,0,3.208067542,300,external,MS_Random,N/A,20,20,,MS_Random
"MS_CTQW(K=5,krylov_m30)",ext_mc_p-hat300-3,maximum_clique,34,0.711040989,155,34,0,0,FALSE,"[259, 132, 134, 267, 18, 148, 23, 286, 289, 164, 37, 39, 296, 297, 298, 173, 48, 55, 184, 189, 198, 74, 75, 204, 78, 86, 218, 225, 97, 109, 238, 239, 246, 254]",p-hat300-3,MS_CTQW_K5_krylov_m30,0,0,1.590529689,300,external,MS_CTQW,krylov_m30,5,5,,MS_CTQW_krylov_m30
MS_Degree(K=20),ext_mc_p-hat300-3,maximum_clique,34,2.525730124,626,34,0,0,FALSE,"[258, 3, 260, 137, 267, 18, 19, 20, 148, 286, 289, 164, 37, 292, 36, 42, 298, 47, 48, 176, 55, 189, 198, 75, 204, 78, 88, 90, 238, 245, 118, 246, 250, 254]",p-hat300-3,MS_Degree_K20,0,0,3.367208511,300,external,MS_Degree,N/A,20,20,,MS_Degree
"MS_CTQW(K=5,cheb_d50)",ext_mc_p-hat300-3,maximum_clique,33,1.037073114,156,33,0,0,FALSE,"[3, 259, 267, 268, 272, 148, 152, 25, 155, 158, 289, 164, 37, 39, 296, 297, 298, 48, 55, 184, 189, 198, 74, 75, 204, 78, 97, 225, 230, 109, 238, 239, 254]",p-hat300-3,MS_CTQW_K5_cheb_d50,0,0,1.906387922,300,external,MS_CTQW,cheb_d50,5,5,,MS_CTQW_cheb_d50
"MS_CTQW(K=10,krylov_m30)",ext_mc_p-hat300-3,maximum_clique,34,1.343207529,311,34,0,0,FALSE,"[259, 132, 134, 267, 18, 148, 23, 286, 289, 164, 37, 39, 296, 297, 298, 173, 48, 55, 184, 189, 198, 74, 75, 204, 78, 86, 218, 225, 97, 109, 238, 239, 246, 254]",p-hat300-3,MS_CTQW_K10_krylov_m30,0,0,2.32457892,300,external,MS_CTQW,krylov_m30,10,10,,MS_CTQW_krylov_m30
"MS_CTQW(K=10,cheb_d50)",ext_mc_p-hat300-3,maximum_clique,33,1.47290031,313,33,0,0,FALSE,"[3, 259, 267, 268, 272, 148, 152, 25, 155, 158, 289, 164, 37, 39, 296, 297, 298, 48, 55, 184, 189, 198, 74, 75, 204, 78, 97, 225, 230, 109, 238, 239, 254]",p-hat300-3,MS_CTQW_K10_cheb_d50,0,0,2.366043279,300,external,MS_CTQW,cheb_d50,10,10,,MS_CTQW_cheb_d50
ClassicalClique,ext_mc_p-hat300-3,maximum_clique,32,0.182577526,32,32,0,0,FALSE,"[130, 3, 132, 262, 267, 272, 17, 148, 20, 152, 27, 158, 32, 289, 39, 296, 297, 298, 48, 55, 189, 74, 75, 204, 225, 97, 234, 238, 239, 118, 246, 254]",p-hat300-3,ClassicalClique,1,1,1.084296082,300,external,ClassicalClique,N/A,0,,,ClassicalClique
"MS_CTQW(K=20,krylov_m30)",ext_mc_p-hat300-3,maximum_clique,34,2.771484768,616,34,0,0,FALSE,"[259, 132, 134, 267, 18, 148, 23, 286, 289, 164, 37, 39, 296, 297, 298, 173, 48, 55, 184, 189, 198, 74, 75, 204, 78, 86, 218, 225, 97, 109, 238, 239, 246, 254]",p-hat300-3,MS_CTQW_K20_krylov_m30,0,0,3.844409355,300,external,MS_CTQW,krylov_m30,20,20,,MS_CTQW_krylov_m30
"MS_CTQW(K=20,cheb_d50)",ext_mc_p-hat300-3,maximum_clique,34,2.727374372,629,34,0,0,FALSE,"[258, 3, 260, 137, 267, 18, 19, 20, 148, 286, 289, 164, 37, 292, 36, 42, 298, 47, 48, 176, 55, 189, 198, 75, 204, 78, 88, 90, 238, 245, 118, 246, 250, 254]",p-hat300-3,MS_CTQW_K20_cheb_d50,0,0,3.604653661,300,external,MS_CTQW,cheb_d50,20,20,,MS_CTQW_cheb_d50
MS_Random(K=5),ext_mc_p-hat300-3,maximum_clique,34,0.634499315,152,34,0,0,FALSE,"[3, 132, 138, 272, 18, 19, 148, 20, 23, 159, 32, 289, 292, 165, 39, 296, 297, 298, 173, 175, 48, 55, 189, 75, 208, 218, 220, 225, 97, 234, 238, 244, 246, 254]",p-hat300-3,MS_Random_K5,1,1,1.519203498,300,external,MS_Random,N/A,5,5,,MS_Random
MS_Degree(K=5),ext_mc_p-hat300-3,maximum_clique,33,0.69831221,157,33,0,0,FALSE,"[258, 138, 271, 272, 273, 20, 148, 152, 25, 280, 27, 158, 32, 37, 165, 39, 295, 298, 171, 173, 47, 48, 178, 55, 189, 74, 75, 204, 97, 109, 238, 251, 254]",p-hat300-3,MS_Degree_K5,1,1,1.604791864,300,external,MS_Degree,N/A,5,5,,MS_Degree
MS_Random(K=10),ext_mc_p-hat300-3,maximum_clique,33,1.113669379,305,33,0,0,FALSE,"[3, 267, 268, 272, 18, 20, 148, 23, 152, 25, 155, 289, 164, 37, 39, 296, 297, 298, 48, 55, 189, 198, 74, 75, 204, 78, 93, 97, 225, 238, 239, 118, 254]",p-hat300-3,MS_Random_K10,1,1,1.983535382,300,external,MS_Random,N/A,10,10,,MS_Random
MS_Degree(K=10),ext_mc_p-hat300-3,maximum_clique,34,1.241841055,312,34,0,0,FALSE,"[258, 3, 260, 137, 267, 18, 19, 20, 148, 286, 289, 164, 37, 292, 36, 42, 298, 47, 48, 176, 55, 189, 198, 75, 204, 78, 88, 90, 238, 245, 118, 246, 250, 254]",p-hat300-3,MS_Degree_K10,1,1,2.124967002,300,external,MS_Degree,N/A,10,10,,MS_Degree
"MS_CTQW(K=5,krylov_m30)",ext_mc_p-hat300-3,maximum_clique,34,0.681383688,155,34,0,0,FALSE,"[259, 132, 134, 267, 18, 148, 23, 286, 289, 164, 37, 39, 296, 297, 298, 173, 48, 55, 184, 189, 198, 74, 75, 204, 78, 86, 218, 225, 97, 109, 238, 239, 246, 254]",p-hat300-3,MS_CTQW_K5_krylov_m30,1,1,1.633931698,300,external,MS_CTQW,krylov_m30,5,5,,MS_CTQW_krylov_m30
MS_Random(K=20),ext_mc_p-hat300-3,maximum_clique,33,2.320341187,600,33,0,0,FALSE,"[258, 3, 259, 272, 148, 280, 152, 25, 155, 158, 159, 289, 164, 39, 295, 296, 298, 48, 176, 178, 55, 189, 191, 74, 75, 204, 78, 221, 224, 238, 239, 244, 254]",p-hat300-3,MS_Random_K20,1,1,3.190236132,300,external,MS_Random,N/A,20,20,,MS_Random
MS_Degree(K=20),ext_mc_p-hat300-3,maximum_clique,34,2.777240267,626,34,0,0,FALSE,"[258, 3, 260, 137, 267, 18, 19, 20, 148, 286, 289, 164, 37, 292, 36, 42, 298, 47, 48, 176, 55, 189, 198, 75, 204, 78, 88, 90, 238, 245, 118, 246, 250, 254]",p-hat300-3,MS_Degree_K20,1,1,3.656374994,300,external,MS_Degree,N/A,20,20,,MS_Degree
"MS_CTQW(K=5,cheb_d50)",ext_mc_p-hat300-3,maximum_clique,33,0.875860474,156,33,0,0,FALSE,"[3, 259, 267, 268, 272, 148, 152, 25, 155, 158, 289, 164, 37, 39, 296, 297, 298, 48, 55, 184, 189, 198, 74, 75, 204, 78, 97, 225, 230, 109, 238, 239, 254]",p-hat300-3,MS_CTQW_K5_cheb_d50,1,1,1.777349898,300,external,MS_CTQW,cheb_d50,5,5,,MS_CTQW_cheb_d50
"MS_CTQW(K=10,krylov_m30)",ext_mc_p-hat300-3,maximum_clique,34,1.307999863,311,34,0,0,FALSE,"[259, 132, 134, 267, 18, 148, 23, 286, 289, 164, 37, 39, 296, 297, 298, 173, 48, 55, 184, 189, 198, 74, 75, 204, 78, 86, 218, 225, 97, 109, 238, 239, 246, 254]",p-hat300-3,MS_CTQW_K10_krylov_m30,1,1,2.327432729,300,external,MS_CTQW,krylov_m30,10,10,,MS_CTQW_krylov_m30
"MS_CTQW(K=10,cheb_d50)",ext_mc_p-hat300-3,maximum_clique,33,1.458789718,313,33,0,0,FALSE,"[3, 259, 267, 268, 272, 148, 152, 25, 155, 158, 289, 164, 37, 39, 296, 297, 298, 48, 55, 184, 189, 198, 74, 75, 204, 78, 97, 225, 230, 109, 238, 239, 254]",p-hat300-3,MS_CTQW_K10_cheb_d50,1,1,2.346056477,300,external,MS_CTQW,cheb_d50,10,10,,MS_CTQW_cheb_d50
ClassicalClique,ext_mc_p-hat300-3,maximum_clique,32,0.180438824,32,32,0,0,FALSE,"[130, 3, 132, 262, 267, 272, 17, 148, 20, 152, 27, 158, 32, 289, 39, 296, 297, 298, 48, 55, 189, 74, 75, 204, 225, 97, 234, 238, 239, 118, 246, 254]",p-hat300-3,ClassicalClique,2,2,1.053358759,300,external,ClassicalClique,N/A,0,,,ClassicalClique
"MS_CTQW(K=20,krylov_m30)",ext_mc_p-hat300-3,maximum_clique,34,2.543390653,616,34,0,0,FALSE,"[259, 132, 134, 267, 18, 148, 23, 286, 289, 164, 37, 39, 296, 297, 298, 173, 48, 55, 184, 189, 198, 74, 75, 204, 78, 86, 218, 225, 97, 109, 238, 239, 246, 254]",p-hat300-3,MS_CTQW_K20_krylov_m30,1,1,3.610261278,300,external,MS_CTQW,krylov_m30,20,20,,MS_CTQW_krylov_m30
"MS_CTQW(K=20,cheb_d50)",ext_mc_p-hat300-3,maximum_clique,34,2.54611868,629,34,0,0,FALSE,"[258, 3, 260, 137, 267, 18, 19, 20, 148, 286, 289, 164, 37, 292, 36, 42, 298, 47, 48, 176, 55, 189, 198, 75, 204, 78, 88, 90, 238, 245, 118, 246, 250, 254]",p-hat300-3,MS_CTQW_K20_cheb_d50,1,1,3.473573406,300,external,MS_CTQW,cheb_d50,20,20,,MS_CTQW_cheb_d50
MS_Random(K=5),ext_mc_p-hat300-3,maximum_clique,33,0.618023948,145,33,0,0,FALSE,"[6, 136, 138, 271, 148, 20, 27, 158, 159, 32, 289, 165, 39, 295, 298, 173, 47, 48, 178, 55, 196, 199, 74, 75, 204, 88, 218, 97, 225, 234, 238, 251, 254]",p-hat300-3,MS_Random_K5,2,2,1.468615267,300,external,MS_Random,N/A,5,5,,MS_Random
MS_Degree(K=5),ext_mc_p-hat300-3,maximum_clique,33,0.687256907,157,33,0,0,FALSE,"[258, 138, 271, 272, 273, 20, 148, 152, 25, 280, 27, 158, 32, 37, 165, 39, 295, 298, 171, 173, 47, 48, 178, 55, 189, 74, 75, 204, 97, 109, 238, 251, 254]",p-hat300-3,MS_Degree_K5,2,2,1.53223965,300,external,MS_Degree,N/A,5,5,,MS_Degree
MS_Random(K=10),ext_mc_p-hat300-3,maximum_clique,33,1.149589842,303,33,0,0,FALSE,"[6, 136, 138, 271, 148, 20, 27, 158, 159, 32, 289, 165, 39, 295, 298, 173, 47, 48, 178, 55, 196, 199, 74, 75, 204, 88, 218, 97, 225, 234, 238, 251, 254]",p-hat300-3,MS_Random_K10,2,2,2.001238701,300,external,MS_Random,N/A,10,10,,MS_Random
MS_Degree(K=10),ext_mc_p-hat300-3,maximum_clique,34,1.239951555,312,34,0,0,FALSE,"[258, 3, 260, 137, 267, 18, 19, 20, 148, 286, 289, 164, 37, 292, 36, 42, 298, 47, 48, 176, 55, 189, 198, 75, 204, 78, 88, 90, 238, 245, 118, 246, 250, 254]",p-hat300-3,MS_Degree_K10,2,2,2.159151837,300,external,MS_Degree,N/A,10,10,,MS_Degree
MS_Random(K=20),ext_mc_p-hat300-3,maximum_clique,34,2.296498417,588,34,0,0,FALSE,"[261, 267, 272, 145, 18, 148, 20, 23, 155, 289, 164, 37, 39, 296, 297, 48, 55, 58, 198, 74, 75, 204, 78, 210, 212, 86, 88, 225, 97, 106, 236, 239, 246, 118]",p-hat300-3,MS_Random_K20,2,2,3.155430109,300,external,MS_Random,N/A,20,20,,MS_Random
"MS_CTQW(K=5,krylov_m30)",ext_mc_p-hat300-3,maximum_clique,34,0.686328029,155,34,0,0,FALSE,"[259, 132, 134, 267, 18, 148, 23, 286, 289, 164, 37, 39, 296, 297, 298, 173, 48, 55, 184, 189, 198, 74, 75, 204, 78, 86, 218, 225, 97, 109, 238, 239, 246, 254]",p-hat300-3,MS_CTQW_K5_krylov_m30,2,2,1.584736781,300,external,MS_CTQW,krylov_m30,5,5,,MS_CTQW_krylov_m30
MS_Degree(K=20),ext_mc_p-hat300-3,maximum_clique,34,2.485229535,626,34,0,0,FALSE,"[258, 3, 260, 137, 267, 18, 19, 20, 148, 286, 289, 164, 37, 292, 36, 42, 298, 47, 48, 176, 55, 189, 198, 75, 204, 78, 88, 90, 238, 245, 118, 246, 250, 254]",p-hat300-3,MS_Degree_K20,2,2,3.327799952,300,external,MS_Degree,N/A,20,20,,MS_Degree
"MS_CTQW(K=5,cheb_d50)",ext_mc_p-hat300-3,maximum_clique,33,0.855395278,156,33,0,0,FALSE,"[3, 259, 267, 268, 272, 148, 152, 25, 155, 158, 289, 164, 37, 39, 296, 297, 298, 48, 55, 184, 189, 198, 74, 75, 204, 78, 97, 225, 230, 109, 238, 239, 254]",p-hat300-3,MS_CTQW_K5_cheb_d50,2,2,1.706441301,300,external,MS_CTQW,cheb_d50,5,5,,MS_CTQW_cheb_d50
"MS_CTQW(K=10,krylov_m30)",ext_mc_p-hat300-3,maximum_clique,34,1.369793348,311,34,0,0,FALSE,"[259, 132, 134, 267, 18, 148, 23, 286, 289, 164, 37, 39, 296, 297, 298, 173, 48, 55, 184, 189, 198, 74, 75, 204, 78, 86, 218, 225, 97, 109, 238, 239, 246, 254]",p-hat300-3,MS_CTQW_K10_krylov_m30,2,2,2.375169972,300,external,MS_CTQW,krylov_m30,10,10,,MS_CTQW_krylov_m30
"MS_CTQW(K=10,cheb_d50)",ext_mc_p-hat300-3,maximum_clique,33,1.523828295,313,33,0,0,FALSE,"[3, 259, 267, 268, 272, 148, 152, 25, 155, 158, 289, 164, 37, 39, 296, 297, 298, 48, 55, 184, 189, 198, 74, 75, 204, 78, 97, 225, 230, 109, 238, 239, 254]",p-hat300-3,MS_CTQW_K10_cheb_d50,2,2,2.359578794,300,external,MS_CTQW,cheb_d50,10,10,,MS_CTQW_cheb_d50
"MS_CTQW(K=20,krylov_m30)",ext_mc_p-hat300-3,maximum_clique,34,2.411016294,616,34,0,0,FALSE,"[259, 132, 134, 267, 18, 148, 23, 286, 289, 164, 37, 39, 296, 297, 298, 173, 48, 55, 184, 189, 198, 74, 75, 204, 78, 86, 218, 225, 97, 109, 238, 239, 246, 254]",p-hat300-3,MS_CTQW_K20_krylov_m30,2,2,3.303914591,300,external,MS_CTQW,krylov_m30,20,20,,MS_CTQW_krylov_m30
"MS_CTQW(K=20,cheb_d50)",ext_mc_p-hat300-3,maximum_clique,34,2.560547896,629,34,0,0,FALSE,"[258, 3, 260, 137, 267, 18, 19, 20, 148, 286, 289, 164, 37, 292, 36, 42, 298, 47, 48, 176, 55, 189, 198, 75, 204, 78, 88, 90, 238, 245, 118, 246, 250, 254]",p-hat300-3,MS_CTQW_K20_cheb_d50,2,2,3.382712717,300,external,MS_CTQW,cheb_d50,20,20,,MS_CTQW_cheb_d50
"MS_CTQW(K=20,krylov_m30)",ext_mc_C1000-9,maximum_clique,60,194.4390322,1152,60,0,0,FALSE,"[128, 643, 261, 6, 263, 776, 777, 525, 782, 527, 143, 147, 787, 275, 917, 789, 284, 542, 31, 800, 33, 549, 681, 425, 299, 553, 812, 305, 180, 438, 567, 311, 695, 955, 65, 70, 456, 203, 204, 461, 719, 977, 724, 340, 598, 344, 218, 861, 351, 869, 102, 617, 363, 747, 238, 623, 760, 368, 246, 504]",C1000-9,MS_CTQW_K20_krylov_m30,2,2,195.3272752,1000,external,MS_CTQW,krylov_m30,20,20,,MS_CTQW_krylov_m30
"MS_CTQW(K=20,cheb_d50)",ext_mc_C1000-9,maximum_clique,61,170.8916843,1152,61,0,0,FALSE,"[515, 260, 644, 652, 908, 655, 913, 401, 787, 915, 25, 283, 668, 928, 672, 674, 929, 37, 679, 552, 682, 683, 940, 689, 310, 950, 312, 185, 441, 58, 62, 832, 579, 836, 707, 454, 841, 330, 843, 586, 78, 206, 596, 856, 89, 218, 482, 611, 231, 105, 489, 491, 750, 627, 244, 117, 246, 629, 376, 755, 765]",C1000-9,MS_CTQW_K20_cheb_d50,2,2,171.7864869,1000,external,MS_CTQW,cheb_d50,20,20,,MS_CTQW_cheb_d50
ClassicalClique,ext_mc_C2000-9,maximum_clique,66,35.97805859,66,66,0,0,FALSE,"[256, 1026, 772, 261, 645, 263, 521, 137, 907, 1932, 1423, 1298, 19, 532, 150, 925, 286, 1054, 416, 31, 1186, 1572, 1321, 427, 1196, 301, 46, 944, 563, 1972, 439, 59, 60, 576, 577, 450, 1604, 1222, 585, 203, 721, 1363, 597, 1110, 1367, 1880, 89, 1626, 1757, 350, 479, 1758, 997, 1383, 1385, 1258, 363, 1771, 750, 1006, 368, 1905, 1653, 759, 1530, 1022]",C2000-9,ClassicalClique,0,0,37.23421919,2000,external,ClassicalClique,N/A,0,,,ClassicalClique
MS_Random(K=5),ext_mc_C2000-9,maximum_clique,68,173.1199825,329,68,0,0,FALSE,"[1538, 1795, 644, 389, 510, 1927, 521, 1289, 1805, 766, 1423, 1296, 1680, 18, 19, 787, 1685, 150, 1946, 27, 923, 286, 31, 1440, 1572, 676, 1959, 1579, 684, 1073, 1204, 1077, 1593, 441, 1723, 699, 1853, 1852, 1855, 576, 1980, 450, 834, 708, 199, 1610, 1099, 330, 846, 1487, 1361, 597, 342, 731, 1885, 481, 994, 1385, 1644, 1522, 756, 1653, 1909, 1399, 758, 1021, 1022, 383]",C2000-9,MS_Random_K5,0,0,174.2132642,2000,external,MS_Random,N/A,5,5,,MS_Random
MS_Degree(K=5),ext_mc_C2000-9,maximum_clique,66,173.9397539,325,66,0,0,FALSE,"[256, 1026, 772, 261, 645, 263, 521, 137, 907, 1932, 1423, 1298, 19, 532, 150, 925, 286, 1054, 416, 31, 1186, 1572, 1321, 427, 1196, 301, 46, 944, 563, 1972, 439, 59, 60, 576, 577, 450, 1604, 1222, 585, 203, 721, 1363, 597, 1110, 1367, 1880, 89, 1626, 1757, 350, 479, 1758, 997, 1383, 1385, 1258, 363, 1771, 750, 1006, 368, 1905, 1653, 759, 1530, 1022]",C2000-9,MS_Degree_K5,0,0,175.0394696,2000,external,MS_Degree,N/A,5,5,,MS_Degree
MS_Random(K=10),ext_mc_C2000-9,maximum_clique,67,342.3321505,646,67,0,0,FALSE,"[1795, 643, 1288, 1035, 525, 1038, 1423, 656, 1167, 18, 1039, 660, 1685, 1042, 1301, 280, 283, 668, 1438, 416, 803, 291, 677, 1446, 1191, 1059, 937, 1963, 305, 1586, 1715, 1842, 949, 1462, 184, 1209, 1850, 1083, 1853, 190, 1343, 577, 1091, 1349, 73, 1741, 1998, 207, 1360, 85, 1749, 1493, 1626, 858, 218, 1498, 1250, 995, 614, 1385, 233, 875, 1901, 495, 1775, 370, 1405]",C2000-9,MS_Random_K10,0,0,343.4272652,2000,external,MS_Random,N/A,10,10,,MS_Random
MS_Degree(K=10),ext_mc_C2000-9,maximum_clique,70,347.5552312,654,70,0,0,FALSE,"[1538, 1284, 134, 1159, 1287, 1423, 1807, 655, 19, 660, 1022, 1047, 280, 1564, 1565, 286, 796, 416, 544, 1315, 1959, 1320, 1579, 48, 1200, 561, 434, 564, 693, 182, 439, 697, 1849, 1339, 1470, 831, 577, 834, 833, 1604, 197, 842, 1739, 1482, 1998, 719, 1104, 1488, 1621, 473, 1627, 92, 1757, 733, 1500, 356, 1382, 743, 1512, 745, 1258, 1387, 1516, 495, 1136, 113, 1653, 1659, 124, 1406]",C2000-9,MS_Degree_K10,0,0,348.665729,2000,external,MS_Degree,N/A,10,10,,MS_Degree
"MS_CTQW(K=5,krylov_m30)",ext_mc_C2000-9,maximum_clique,69,174.185383,329,69,0,0,FALSE,"[130, 1538, 772, 134, 263, 137, 1934, 1423, 400, 530, 19, 532, 1170, 1688, 1947, 1563, 286, 1826, 1443, 931, 805, 1955, 1063, 1829, 1916, 427, 300, 46, 559, 944, 691, 693, 566, 1976, 1599, 577, 1089, 581, 585, 716, 846, 1487, 1488, 207, 469, 1622, 344, 729, 346, 1112, 1756, 1372, 1757, 606, 1504, 1632, 1378, 1123, 484, 867, 607, 1128, 617, 1258, 107, 110, 631, 252, 1022]",C2000-9,MS_CTQW_K5_krylov_m30,0,0,175.2785247,2000,external,MS_CTQW,krylov_m30,5,5,,MS_CTQW_krylov_m30
"MS_CTQW(K=5,cheb_d50)",ext_mc_C2000-9,maximum_clique,68,174.2008554,327,68,0,0,FALSE,"[1795, 772, 1285, 645, 389, 643, 1287, 1289, 139, 520, 1805, 776, 1423, 1551, 19, 21, 1047, 1559, 1564, 669, 286, 1695, 416, 1696, 931, 677, 1573, 678, 1320, 1832, 684, 47, 1203, 564, 1715, 1849, 1980, 577, 834, 1731, 67, 197, 1607, 712, 719, 1488, 1360, 723, 852, 726, 1624, 1501, 222, 349, 992, 1504, 483, 997, 1385, 489, 238, 242, 1779, 1653, 758, 1655, 1269, 1022]",C2000-9,MS_CTQW_K5_cheb_d50,0,0,175.2975155,2000,external,MS_CTQW,cheb_d50,5,5,,MS_CTQW_cheb_d50
"MS_CTQW(K=10,krylov_m30)",ext_mc_C2000-9,maximum_clique,69,352.3713256,659,69,0,0,FALSE,"[130, 1538, 772, 134, 263, 137, 1934, 1423, 400, 530, 19, 532, 1170, 1688, 1947, 1563, 286, 1826, 1443, 931, 805, 1955, 1063, 1829, 1916, 427, 300, 46, 559, 944, 691, 693, 566, 1976, 1599, 577, 1089, 581, 585, 716, 846, 1487, 1488, 207, 469, 1622, 344, 729, 346, 1112, 1756, 1372, 1757, 606, 1504, 1632, 1378, 1123, 484, 867, 607, 1128, 617, 1258, 107, 110, 631, 252, 1022]",C2000-9,MS_CTQW_K10_krylov_m30,0,0,353.481884,2000,external,MS_CTQW,krylov_m30,10,10,,MS_CTQW_krylov_m30
"MS_CTQW(K=10,cheb_d50)",ext_mc_C2000-9,maximum_clique,69,349.4126402,657,69,0,0,FALSE,"[3, 1800, 1161, 651, 1423, 1941, 1814, 279, 1948, 286, 32, 1186, 1443, 1833, 682, 172, 558, 1790, 48, 1072, 1074, 693, 311, 567, 1849, 1209, 1595, 441, 569, 577, 322, 1091, 1731, 65, 1997, 1998, 1742, 1360, 974, 845, 852, 85, 469, 599, 1624, 1626, 1370, 92, 1501, 1246, 350, 1504, 1890, 866, 483, 1382, 361, 746, 617, 1900, 623, 1909, 1526, 503, 250, 1660, 765, 1406, 511]",C2000-9,MS_CTQW_K10_cheb_d50,0,0,350.5187642,2000,external,MS_CTQW,cheb_d50,10,10,,MS_CTQW_cheb_d50
ClassicalClique,ext_mc_C2000-9,maximum_clique,66,36.14273797,66,66,0,0,FALSE,"[256, 1026, 772, 261, 645, 263, 521, 137, 907, 1932, 1423, 1298, 19, 532, 150, 925, 286, 1054, 416, 31, 1186, 1572, 1321, 427, 1196, 301, 46, 944, 563, 1972, 439, 59, 60, 576, 577, 450, 1604, 1222, 585, 203, 721, 1363, 597, 1110, 1367, 1880, 89, 1626, 1757, 350, 479, 1758, 997, 1383, 1385, 1258, 363, 1771, 750, 1006, 368, 1905, 1653, 759, 1530, 1022]",C2000-9,ClassicalClique,1,1,37.40774715,2000,external,ClassicalClique,N/A,0,,,ClassicalClique
MS_Random(K=5),ext_mc_C2000-9,maximum_clique,68,173.395477,328,68,0,0,FALSE,"[129, 770, 643, 1423, 656, 17, 1552, 19, 1557, 789, 149, 1687, 793, 1946, 27, 540, 1532, 286, 1572, 677, 1063, 1959, 681, 1703, 427, 171, 1839, 944, 1072, 560, 1715, 1716, 565, 1974, 823, 821, 1337, 1972, 577, 834, 450, 1604, 324, 582, 1739, 1740, 1356, 974, 1868, 1998, 467, 1493, 1114, 1244, 92, 350, 224, 1377, 1504, 228, 875, 626, 627, 756, 245, 1781, 1276, 1022]",C2000-9,MS_Random_K5,1,1,174.5024813,2000,external,MS_Random,N/A,5,5,,MS_Random
MS_Degree(K=5),ext_mc_C2000-9,maximum_clique,66,173.3765648,325,66,0,0,FALSE,"[256, 1026, 772, 261, 645, 263, 521, 137, 907, 1932, 1423, 1298, 19, 532, 150, 925, 286, 1054, 416, 31, 1186, 1572, 1321, 427, 1196, 301, 46, 944, 563, 1972, 439, 59, 60, 576, 577, 450, 1604, 1222, 585, 203, 721, 1363, 597, 1110, 1367, 1880, 89, 1626, 1757, 350, 479, 1758, 997, 1383, 1385, 1258, 363, 1771, 750, 1006, 368, 1905, 1653, 759, 1530, 1022]",C2000-9,MS_Degree_K5,1,1,174.4777805,2000,external,MS_Degree,N/A,5,5,,MS_Degree
MS_Random(K=10),ext_mc_C2000-9,maximum_clique,69,345.845887,650,69,0,0,FALSE,"[1031, 1423, 1552, 16, 19, 1174, 1047, 1948, 286, 416, 1568, 1825, 546, 290, 168, 1577, 682, 171, 559, 48, 561, 687, 944, 311, 1868, 441, 1723, 1339, 320, 577, 1472, 1091, 1604, 579, 69, 833, 966, 68, 842, 972, 1997, 1998, 719, 1742, 337, 977, 83, 1363, 1749, 852, 85, 854, 92, 865, 1890, 866, 1385, 1387, 1389, 495, 625, 1267, 1143, 1528, 1915, 764, 1917, 1406, 511]",C2000-9,MS_Random_K10,1,1,346.947776,2000,external,MS_Random,N/A,10,10,,MS_Random
MS_Degree(K=10),ext_mc_C2000-9,maximum_clique,70,349.7325075,654,70,0,0,FALSE,"[1538, 1284, 134, 1159, 1287, 1423, 1807, 655, 19, 660, 1022, 1047, 280, 1564, 1565, 286, 796, 416, 544, 1315, 1959, 1320, 1579, 48, 1200, 561, 434, 564, 693, 182, 439, 697, 1849, 1339, 1470, 831, 577, 834, 833, 1604, 197, 842, 1739, 1482, 1998, 719, 1104, 1488, 1621, 473, 1627, 92, 1757, 733, 1500, 356, 1382, 743, 1512, 745, 1258, 1387, 1516, 495, 1136, 113, 1653, 1659, 124, 1406]",C2000-9,MS_Degree_K10,1,1,350.8518885,2000,external,MS_Degree,N/A,10,10,,MS_Degree
"MS_CTQW(K=5,krylov_m30)",ext_mc_C2000-9,maximum_clique,69,175.0029764,329,69,0,0,FALSE,"[130, 1538, 772, 134, 263, 137, 1934, 1423, 400, 530, 19, 532, 1170, 1688, 1947, 1563, 286, 1826, 1443, 931, 805, 1955, 1063, 1829, 1916, 427, 300, 46, 559, 944, 691, 693, 566, 1976, 1599, 577, 1089, 581, 585, 716, 846, 1487, 1488, 207, 469, 1622, 344, 729, 346, 1112, 1756, 1372, 1757, 606, 1504, 1632, 1378, 1123, 484, 867, 607, 1128, 617, 1258, 107, 110, 631, 252, 1022]",C2000-9,MS_CTQW_K5_krylov_m30,1,1,176.1070629,2000,external,MS_CTQW,krylov_m30,5,5,,MS_CTQW_krylov_m30
"MS_CTQW(K=5,cheb_d50)",ext_mc_C2000-9,maximum_clique,68,174.431168,327,68,0,0,FALSE,"[1795, 772, 1285, 645, 389, 643, 1287, 1289, 139, 520, 1805, 776, 1423, 1551, 19, 21, 1047, 1559, 1564, 669, 286, 1695, 416, 1696, 931, 677, 1573, 678, 1320, 1832, 684, 47, 1203, 564, 1715, 1849, 1980, 577, 834, 1731, 67, 197, 1607, 712, 719, 1488, 1360, 723, 852, 726, 1624, 1501, 222, 349, 992, 1504, 483, 997, 1385, 489, 238, 242, 1779, 1653, 758, 1655, 1269, 1022]",C2000-9,MS_CTQW_K5_cheb_d50,1,1,175.5342773,2000,external,MS_CTQW,cheb_d50,5,5,,MS_CTQW_cheb_d50
"MS_CTQW(K=10,krylov_m30)",ext_mc_C2000-9,maximum_clique,69,351.4691023,659,69,0,0,FALSE,"[130, 1538, 772, 134, 263, 137, 1934, 1423, 400, 530, 19, 532, 1170, 1688, 1947, 1563, 286, 1826, 1443, 931, 805, 1955, 1063, 1829, 1916, 427, 300, 46, 559, 944, 691, 693, 566, 1976, 1599, 577, 1089, 581, 585, 716, 846, 1487, 1488, 207, 469, 1622, 344, 729, 346, 1112, 1756, 1372, 1757, 606, 1504, 1632, 1378, 1123, 484, 867, 607, 1128, 617, 1258, 107, 110, 631, 252, 1022]",C2000-9,MS_CTQW_K10_krylov_m30,1,1,352.5781036,2000,external,MS_CTQW,krylov_m30,10,10,,MS_CTQW_krylov_m30
"MS_CTQW(K=10,cheb_d50)",ext_mc_C2000-9,maximum_clique,69,350.2527009,657,69,0,0,FALSE,"[3, 1800, 1161, 651, 1423, 1941, 1814, 279, 1948, 286, 32, 1186, 1443, 1833, 682, 172, 558, 1790, 48, 1072, 1074, 693, 311, 567, 1849, 1209, 1595, 441, 569, 577, 322, 1091, 1731, 65, 1997, 1998, 1742, 1360, 974, 845, 852, 85, 469, 599, 1624, 1626, 1370, 92, 1501, 1246, 350, 1504, 1890, 866, 483, 1382, 361, 746, 617, 1900, 623, 1909, 1526, 503, 250, 1660, 765, 1406, 511]",C2000-9,MS_CTQW_K10_cheb_d50,1,1,351.3547574,2000,external,MS_CTQW,cheb_d50,10,10,,MS_CTQW_cheb_d50
ClassicalClique,ext_mc_C2000-9,maximum_clique,66,36.12563366,66,66,0,0,FALSE,"[256, 1026, 772, 261, 645, 263, 521, 137, 907, 1932, 1423, 1298, 19, 532, 150, 925, 286, 1054, 416, 31, 1186, 1572, 1321, 427, 1196, 301, 46, 944, 563, 1972, 439, 59, 60, 576, 577, 450, 1604, 1222, 585, 203, 721, 1363, 597, 1110, 1367, 1880, 89, 1626, 1757, 350, 479, 1758, 997, 1383, 1385, 1258, 363, 1771, 750, 1006, 368, 1905, 1653, 759, 1530, 1022]",C2000-9,ClassicalClique,2,2,37.38406183,2000,external,ClassicalClique,N/A,0,,,ClassicalClique
MS_Random(K=5),ext_mc_C2000-9,maximum_clique,68,169.6696437,319,68,0,0,FALSE,"[1025, 1026, 1795, 772, 1671, 776, 777, 10, 1805, 526, 1423, 19, 1047, 1692, 1565, 286, 1695, 416, 1439, 31, 931, 1444, 677, 1571, 543, 1320, 1061, 935, 1835, 1326, 686, 561, 1586, 1974, 1335, 1979, 1980, 1853, 577, 68, 1222, 718, 719, 1488, 1487, 81, 1107, 852, 1621, 1622, 727, 597, 1757, 607, 353, 1123, 1385, 489, 1769, 745, 1006, 495, 753, 1907, 1653, 758, 1532, 1406]",C2000-9,MS_Random_K5,2,2,170.7811541,2000,external,MS_Random,N/A,5,5,,MS_Random
MS_Degree(K=5),ext_mc_C2000-9,maximum_clique,66,173.3130808,325,66,0,0,FALSE,"[256, 1026, 772, 261, 645, 263, 521, 137, 907, 1932, 1423, 1298, 19, 532, 150, 925, 286, 1054, 416, 31, 1186, 1572, 1321, 427, 1196, 301, 46, 944, 563, 1972, 439, 59, 60, 576, 577, 450, 1604, 1222, 585, 203, 721, 1363, 597, 1110, 1367, 1880, 89, 1626, 1757, 350, 479, 1758, 997, 1383, 1385, 1258, 363, 1771, 750, 1006, 368, 1905, 1653, 759, 1530, 1022]",C2000-9,MS_Degree_K5,2,2,174.4145752,2000,external,MS_Degree,N/A,5,5,,MS_Degree
MS_Random(K=10),ext_mc_C2000-9,maximum_clique,69,348.800821,658,69,0,0,FALSE,"[256, 1538, 1667, 1284, 1026, 1285, 521, 782, 1423, 144, 19, 1557, 25, 1693, 286, 416, 801, 803, 420, 419, 1320, 171, 1710, 47, 48, 434, 1077, 182, 1979, 957, 958, 1214, 831, 577, 450, 1857, 1604, 454, 1607, 840, 590, 719, 337, 473, 1756, 604, 222, 1632, 1505, 865, 353, 740, 102, 1383, 1258, 1642, 1261, 750, 495, 1264, 1389, 626, 1266, 755, 1653, 1143, 120, 1914, 1022]",C2000-9,MS_Random_K10,2,2,349.9015406,2000,external,MS_Random,N/A,10,10,,MS_Random
MS_Degree(K=10),ext_mc_C2000-9,maximum_clique,70,349.7458733,654,70,0,0,FALSE,"[1538, 1284, 134, 1159, 1287, 1423, 1807, 655, 19, 660, 1022, 1047, 280, 1564, 1565, 286, 796, 416, 544, 1315, 1959, 1320, 1579, 48, 1200, 561, 434, 564, 693, 182, 439, 697, 1849, 1339, 1470, 831, 577, 834, 833, 1604, 197, 842, 1739, 1482, 1998, 719, 1104, 1488, 1621, 473, 1627, 92, 1757, 733, 1500, 356, 1382, 743, 1512, 745, 1258, 1387, 1516, 495, 1136, 113, 1653, 1659, 124, 1406]",C2000-9,MS_Degree_K10,2,2,350.8400573,2000,external,MS_Degree,N/A,10,10,,MS_Degree
"MS_CTQW(K=5,krylov_m30)",ext_mc_C2000-9,maximum_clique,69,174.5025336,329,69,0,0,FALSE,"[130, 1538, 772, 134, 263, 137, 1934, 1423, 400, 530, 19, 532, 1170, 1688, 1947, 1563, 286, 1826, 1443, 931, 805, 1955, 1063, 1829, 1916, 427, 300, 46, 559, 944, 691, 693, 566, 1976, 1599, 577, 1089, 581, 585, 716, 846, 1487, 1488, 207, 469, 1622, 344, 729, 346, 1112, 1756, 1372, 1757, 606, 1504, 1632, 1378, 1123, 484, 867, 607, 1128, 617, 1258, 107, 110, 631, 252, 1022]",C2000-9,MS_CTQW_K5_krylov_m30,2,2,175.603519,2000,external,MS_CTQW,krylov_m30,5,5,,MS_CTQW_krylov_m30
"MS_CTQW(K=5,cheb_d50)",ext_mc_C2000-9,maximum_clique,68,174.6450702,327,68,0,0,FALSE,"[1795, 772, 1285, 645, 389, 643, 1287, 1289, 139, 520, 1805, 776, 1423, 1551, 19, 21, 1047, 1559, 1564, 669, 286, 1695, 416, 1696, 931, 677, 1573, 678, 1320, 1832, 684, 47, 1203, 564, 1715, 1849, 1980, 577, 834, 1731, 67, 197, 1607, 712, 719, 1488, 1360, 723, 852, 726, 1624, 1501, 222, 349, 992, 1504, 483, 997, 1385, 489, 238, 242, 1779, 1653, 758, 1655, 1269, 1022]",C2000-9,MS_CTQW_K5_cheb_d50,2,2,175.7484697,2000,external,MS_CTQW,cheb_d50,5,5,,MS_CTQW_cheb_d50
"MS_CTQW(K=10,krylov_m30)",ext_mc_C2000-9,maximum_clique,69,350.084551,659,69,0,0,FALSE,"[130, 1538, 772, 134, 263, 137, 1934, 1423, 400, 530, 19, 532, 1170, 1688, 1947, 1563, 286, 1826, 1443, 931, 805, 1955, 1063, 1829, 1916, 427, 300, 46, 559, 944, 691, 693, 566, 1976, 1599, 577, 1089, 581, 585, 716, 846, 1487, 1488, 207, 469, 1622, 344, 729, 346, 1112, 1756, 1372, 1757, 606, 1504, 1632, 1378, 1123, 484, 867, 607, 1128, 617, 1258, 107, 110, 631, 252, 1022]",C2000-9,MS_CTQW_K10_krylov_m30,2,2,351.1935349,2000,external,MS_CTQW,krylov_m30,10,10,,MS_CTQW_krylov_m30
"MS_CTQW(K=10,cheb_d50)",ext_mc_C2000-9,maximum_clique,69,350.4214512,657,69,0,0,FALSE,"[3, 1800, 1161, 651, 1423, 1941, 1814, 279, 1948, 286, 32, 1186, 1443, 1833, 682, 172, 558, 1790, 48, 1072, 1074, 693, 311, 567, 1849, 1209, 1595, 441, 569, 577, 322, 1091, 1731, 65, 1997, 1998, 1742, 1360, 974, 845, 852, 85, 469, 599, 1624, 1626, 1370, 92, 1501, 1246, 350, 1504, 1890, 866, 483, 1382, 361, 746, 617, 1900, 623, 1909, 1526, 503, 250, 1660, 765, 1406, 511]",C2000-9,MS_CTQW_K10_cheb_d50,2,2,351.5092731,2000,external,MS_CTQW,cheb_d50,10,10,,MS_CTQW_cheb_d50
MS_Random(K=20),ext_mc_C2000-9,maximum_clique,69,869.6838217,1297,69,0,0,FALSE,"[1284, 1285, 1028, 1035, 1933, 654, 1423, 1679, 1934, 1425, 1298, 1173, 790, 1685, 21, 1564, 285, 286, 1695, 416, 673, 1186, 550, 678, 1453, 1710, 47, 429, 817, 1715, 820, 692, 947, 1203, 697, 1723, 189, 577, 322, 1091, 1730, 196, 1480, 1482, 330, 1612, 1997, 1998, 1226, 1488, 337, 336, 207, 599, 92, 1503, 866, 611, 1900, 1644, 876, 124, 883, 1139, 375, 1531, 1020, 1405, 1406]",C2000-9,MS_Random_K20,0,0,871.1519742,2000,external,MS_Random,N/A,20,20,,MS_Random
MS_Degree(K=20),ext_mc_C2000-9,maximum_clique,70,886.4559406,1312,70,0,0,FALSE,"[1538, 1284, 134, 1159, 1287, 1423, 1807, 655, 19, 660, 1022, 1047, 280, 1564, 1565, 286, 796, 416, 544, 1315, 1959, 1320, 1579, 48, 1200, 561, 434, 564, 693, 182, 439, 697, 1849, 1339, 1470, 831, 577, 834, 833, 1604, 197, 842, 1739, 1482, 1998, 719, 1104, 1488, 1621, 473, 1627, 92, 1757, 733, 1500, 356, 1382, 743, 1512, 745, 1258, 1387, 1516, 495, 1136, 113, 1653, 1659, 124, 1406]",C2000-9,MS_Degree_K20,0,0,887.8342216,2000,external,MS_Degree,N/A,20,20,,MS_Degree
"MS_CTQW(K=20,krylov_m30)",ext_mc_C2000-9,maximum_clique,69,884.3916924,1316,69,0,0,FALSE,"[130, 1538, 772, 134, 263, 137, 1934, 1423, 400, 530, 19, 532, 1170, 1688, 1947, 1563, 286, 1826, 1443, 931, 805, 1955, 1063, 1829, 1916, 427, 300, 46, 559, 944, 691, 693, 566, 1976, 1599, 577, 1089, 581, 585, 716, 846, 1487, 1488, 207, 469, 1622, 344, 729, 346, 1112, 1756, 1372, 1757, 606, 1504, 1632, 1378, 1123, 484, 867, 607, 1128, 617, 1258, 107, 110, 631, 252, 1022]",C2000-9,MS_CTQW_K20_krylov_m30,0,0,885.6904239,2000,external,MS_CTQW,krylov_m30,20,20,,MS_CTQW_krylov_m30
"MS_CTQW(K=20,cheb_d50)",ext_mc_C2000-9,maximum_clique,69,882.2835353,1314,69,0,0,FALSE,"[3, 1800, 1161, 651, 1423, 1941, 1814, 279, 1948, 286, 32, 1186, 1443, 1833, 682, 172, 558, 1790, 48, 1072, 1074, 693, 311, 567, 1849, 1209, 1595, 441, 569, 577, 322, 1091, 1731, 65, 1997, 1998, 1742, 1360, 974, 845, 852, 85, 469, 599, 1624, 1626, 1370, 92, 1501, 1246, 350, 1504, 1890, 866, 483, 1382, 361, 746, 617, 1900, 623, 1909, 1526, 503, 250, 1660, 765, 1406, 511]",C2000-9,MS_CTQW_K20_cheb_d50,0,0,883.6157383,2000,external,MS_CTQW,cheb_d50,20,20,,MS_CTQW_cheb_d50
MS_Random(K=20),ext_mc_C2000-9,maximum_clique,68,871.893456,1304,68,0,0,FALSE,"[1152, 3, 1284, 1796, 1670, 650, 1035, 14, 1423, 782, 1297, 274, 1299, 658, 1301, 1298, 1047, 1175, 410, 796, 286, 1694, 416, 1699, 1315, 681, 45, 48, 1200, 690, 1457, 51, 947, 1718, 311, 1080, 1723, 1725, 577, 322, 1091, 1346, 833, 1997, 1998, 719, 974, 1749, 1370, 92, 605, 1886, 1503, 1890, 866, 1507, 1893, 1382, 617, 1130, 492, 495, 112, 1648, 250, 509, 1406, 511]",C2000-9,MS_Random_K20,1,1,873.2845352,2000,external,MS_Random,N/A,20,20,,MS_Random
MS_Degree(K=20),ext_mc_C2000-9,maximum_clique,70,886.0428384,1312,70,0,0,FALSE,"[1538, 1284, 134, 1159, 1287, 1423, 1807, 655, 19, 660, 1022, 1047, 280, 1564, 1565, 286, 796, 416, 544, 1315, 1959, 1320, 1579, 48, 1200, 561, 434, 564, 693, 182, 439, 697, 1849, 1339, 1470, 831, 577, 834, 833, 1604, 197, 842, 1739, 1482, 1998, 719, 1104, 1488, 1621, 473, 1627, 92, 1757, 733, 1500, 356, 1382, 743, 1512, 745, 1258, 1387, 1516, 495, 1136, 113, 1653, 1659, 124, 1406]",C2000-9,MS_Degree_K20,1,1,887.4046646,2000,external,MS_Degree,N/A,20,20,,MS_Degree
"MS_CTQW(K=20,krylov_m30)",ext_mc_C2000-9,maximum_clique,69,887.1565403,1316,69,0,0,FALSE,"[130, 1538, 772, 134, 263, 137, 1934, 1423, 400, 530, 19, 532, 1170, 1688, 1947, 1563, 286, 1826, 1443, 931, 805, 1955, 1063, 1829, 1916, 427, 300, 46, 559, 944, 691, 693, 566, 1976, 1599, 577, 1089, 581, 585, 716, 846, 1487, 1488, 207, 469, 1622, 344, 729, 346, 1112, 1756, 1372, 1757, 606, 1504, 1632, 1378, 1123, 484, 867, 607, 1128, 617, 1258, 107, 110, 631, 252, 1022]",C2000-9,MS_CTQW_K20_krylov_m30,1,1,888.5297745,2000,external,MS_CTQW,krylov_m30,20,20,,MS_CTQW_krylov_m30
"MS_CTQW(K=20,cheb_d50)",ext_mc_C2000-9,maximum_clique,69,883.430082,1314,69,0,0,FALSE,"[3, 1800, 1161, 651, 1423, 1941, 1814, 279, 1948, 286, 32, 1186, 1443, 1833, 682, 172, 558, 1790, 48, 1072, 1074, 693, 311, 567, 1849, 1209, 1595, 441, 569, 577, 322, 1091, 1731, 65, 1997, 1998, 1742, 1360, 974, 845, 852, 85, 469, 599, 1624, 1626, 1370, 92, 1501, 1246, 350, 1504, 1890, 866, 483, 1382, 361, 746, 617, 1900, 623, 1909, 1526, 503, 250, 1660, 765, 1406, 511]",C2000-9,MS_CTQW_K20_cheb_d50,1,1,884.7445768,2000,external,MS_CTQW,cheb_d50,20,20,,MS_CTQW_cheb_d50
MS_Random(K=20),ext_mc_C2000-9,maximum_clique,69,880.8918723,1316,69,0,0,FALSE,"[1797, 1543, 520, 1805, 654, 1423, 17, 19, 403, 1557, 1172, 1181, 1182, 286, 677, 1061, 678, 168, 1318, 1317, 427, 171, 301, 557, 943, 1196, 942, 1074, 1715, 435, 814, 566, 1974, 1842, 822, 1978, 52, 1980, 1724, 1597, 1214, 1856, 577, 1344, 323, 1349, 837, 1222, 969, 201, 586, 1870, 1488, 467, 1363, 597, 86, 1365, 1624, 1372, 866, 1385, 1898, 876, 1004, 1390, 113, 370, 1022]",C2000-9,MS_Random_K20,2,2,882.2565469,2000,external,MS_Random,N/A,20,20,,MS_Random
MS_Degree(K=20),ext_mc_C2000-9,maximum_clique,70,884.3605739,1312,70,0,0,FALSE,"[1538, 1284, 134, 1159, 1287, 1423, 1807, 655, 19, 660, 1022, 1047, 280, 1564, 1565, 286, 796, 416, 544, 1315, 1959, 1320, 1579, 48, 1200, 561, 434, 564, 693, 182, 439, 697, 1849, 1339, 1470, 831, 577, 834, 833, 1604, 197, 842, 1739, 1482, 1998, 719, 1104, 1488, 1621, 473, 1627, 92, 1757, 733, 1500, 356, 1382, 743, 1512, 745, 1258, 1387, 1516, 495, 1136, 113, 1653, 1659, 124, 1406]",C2000-9,MS_Degree_K20,2,2,885.6780096,2000,external,MS_Degree,N/A,20,20,,MS_Degree
"MS_CTQW(K=20,krylov_m30)",ext_mc_C2000-9,maximum_clique,69,879.4740281,1316,69,0,0,FALSE,"[130, 1538, 772, 134, 263, 137, 1934, 1423, 400, 530, 19, 532, 1170, 1688, 1947, 1563, 286, 1826, 1443, 931, 805, 1955, 1063, 1829, 1916, 427, 300, 46, 559, 944, 691, 693, 566, 1976, 1599, 577, 1089, 581, 585, 716, 846, 1487, 1488, 207, 469, 1622, 344, 729, 346, 1112, 1756, 1372, 1757, 606, 1504, 1632, 1378, 1123, 484, 867, 607, 1128, 617, 1258, 107, 110, 631, 252, 1022]",C2000-9,MS_CTQW_K20_krylov_m30,2,2,880.7680101,2000,external,MS_CTQW,krylov_m30,20,20,,MS_CTQW_krylov_m30
"MS_CTQW(K=20,cheb_d50)",ext_mc_C2000-9,maximum_clique,69,868.4630122,1314,69,0,0,FALSE,"[3, 1800, 1161, 651, 1423, 1941, 1814, 279, 1948, 286, 32, 1186, 1443, 1833, 682, 172, 558, 1790, 48, 1072, 1074, 693, 311, 567, 1849, 1209, 1595, 441, 569, 577, 322, 1091, 1731, 65, 1997, 1998, 1742, 1360, 974, 845, 852, 85, 469, 599, 1624, 1626, 1370, 92, 1501, 1246, 350, 1504, 1890, 866, 483, 1382, 361, 746, 617, 1900, 623, 1909, 1526, 503, 250, 1660, 765, 1406, 511]",C2000-9,MS_CTQW_K20_cheb_d50,2,2,869.7138035,2000,external,MS_CTQW,cheb_d50,20,20,,MS_CTQW_cheb_d50
